<?xml version="1.0" encoding="UTF-8"?>
<gpx xmlns="http://www.topografix.com/GPX/1/1" xmlns:gpxtpx="http://www.garmin.com/xmlschemas/TrackPointExtension/v1" xmlns:xsi="http://www.w3.org/2001/XMLSchema-instance" xsi:schemaLocation="http://www.topografix.com/GPX/1/1 http://www.topografix.com/GPX/1/1/gpx.xsd" version="1.1" creator="gpx.py -- https://github.com/tkrajina/gpxpy">
  <trk>
    <name>gpx from keep</name>
    <type>Ride</type>
    <trkseg>
      <trkpt lat="30.720951525861917" lon="111.29430487662253">
        <ele>0.0</ele>
        <time>2026-05-22T14:01:42Z</time>
      </trkpt>
      <trkpt lat="30.720933534702677" lon="111.29430487817444">
        <ele>0.0</ele>
        <time>2026-05-22T14:01:43Z</time>
        <extensions>
          <gpxtpx:TrackPointExtension>
            <gpxtpx:hr>102</gpxtpx:hr>
          </gpxtpx:TrackPointExtension>
        </extensions>
      </trkpt>
      <trkpt lat="30.72092054108752" lon="111.29430487929525">
        <ele>0.0</ele>
        <time>2026-05-22T14:01:44Z</time>
        <extensions>
          <gpxtpx:TrackPointExtension>
            <gpxtpx:hr>102</gpxtpx:hr>
          </gpxtpx:TrackPointExtension>
        </extensions>
      </trkpt>
      <trkpt lat="30.720909546489985" lon="111.29430488024364">
        <ele>0.0</ele>
        <time>2026-05-22T14:01:45Z</time>
        <extensions>
          <gpxtpx:TrackPointExtension>
            <gpxtpx:hr>102</gpxtpx:hr>
          </gpxtpx:TrackPointExtension>
        </extensions>
      </trkpt>
      <trkpt lat="30.720874550758186" lon="111.29431286280071">
        <ele>0.0</ele>
        <time>2026-05-22T14:01:46Z</time>
        <extensions>
          <gpxtpx:TrackPointExtension>
            <gpxtpx:hr>102</gpxtpx:hr>
          </gpxtpx:TrackPointExtension>
        </extensions>
      </trkpt>
      <trkpt lat="30.720838555515247" lon="111.29432084544258">
        <ele>0.0</ele>
        <time>2026-05-22T14:01:47Z</time>
        <extensions>
          <gpxtpx:TrackPointExtension>
            <gpxtpx:hr>102</gpxtpx:hr>
          </gpxtpx:TrackPointExtension>
        </extensions>
      </trkpt>
      <trkpt lat="30.72079855092509" lon="111.29433581052126">
        <ele>0.0</ele>
        <time>2026-05-22T14:01:48Z</time>
        <extensions>
          <gpxtpx:TrackPointExtension>
            <gpxtpx:hr>102</gpxtpx:hr>
          </gpxtpx:TrackPointExtension>
        </extensions>
      </trkpt>
      <trkpt lat="30.720758546329126" lon="111.29435077559488">
        <ele>0.0</ele>
        <time>2026-05-22T14:01:49Z</time>
        <extensions>
          <gpxtpx:TrackPointExtension>
            <gpxtpx:hr>102</gpxtpx:hr>
          </gpxtpx:TrackPointExtension>
        </extensions>
      </trkpt>
      <trkpt lat="30.72070854502093" lon="111.29436673896679">
        <ele>0.0</ele>
        <time>2026-05-22T14:01:50Z</time>
        <extensions>
          <gpxtpx:TrackPointExtension>
            <gpxtpx:hr>102</gpxtpx:hr>
          </gpxtpx:TrackPointExtension>
        </extensions>
      </trkpt>
      <trkpt lat="30.720657508625717" lon="111.29440464611082">
        <ele>0.0</ele>
        <time>2026-05-22T14:01:51Z</time>
        <extensions>
          <gpxtpx:TrackPointExtension>
            <gpxtpx:hr>102</gpxtpx:hr>
          </gpxtpx:TrackPointExtension>
        </extensions>
      </trkpt>
      <trkpt lat="30.720611506949826" lon="111.29441961167858">
        <ele>0.0</ele>
        <time>2026-05-22T14:01:52Z</time>
        <extensions>
          <gpxtpx:TrackPointExtension>
            <gpxtpx:hr>102</gpxtpx:hr>
          </gpxtpx:TrackPointExtension>
        </extensions>
      </trkpt>
      <trkpt lat="30.720525573423973" lon="111.29440465749164">
        <ele>0.0</ele>
        <time>2026-05-22T14:01:53Z</time>
        <extensions>
          <gpxtpx:TrackPointExtension>
            <gpxtpx:hr>102</gpxtpx:hr>
          </gpxtpx:TrackPointExtension>
        </extensions>
      </trkpt>
      <trkpt lat="30.72046259302582" lon="111.29441164500483">
        <ele>0.0</ele>
        <time>2026-05-22T14:01:54Z</time>
        <extensions>
          <gpxtpx:TrackPointExtension>
            <gpxtpx:hr>106</gpxtpx:hr>
          </gpxtpx:TrackPointExtension>
        </extensions>
      </trkpt>
      <trkpt lat="30.720418588742106" lon="111.29442760783763">
        <ele>0.0</ele>
        <time>2026-05-22T14:01:55Z</time>
        <extensions>
          <gpxtpx:TrackPointExtension>
            <gpxtpx:hr>109</gpxtpx:hr>
          </gpxtpx:TrackPointExtension>
        </extensions>
      </trkpt>
      <trkpt lat="30.72039059115996" lon="111.2944345923296">
        <ele>0.0</ele>
        <time>2026-05-22T14:01:56Z</time>
        <extensions>
          <gpxtpx:TrackPointExtension>
            <gpxtpx:hr>113</gpxtpx:hr>
          </gpxtpx:TrackPointExtension>
        </extensions>
      </trkpt>
      <trkpt lat="30.720359580487" lon="111.29445055403335">
        <ele>0.0</ele>
        <time>2026-05-22T14:01:57Z</time>
        <extensions>
          <gpxtpx:TrackPointExtension>
            <gpxtpx:hr>116</gpxtpx:hr>
          </gpxtpx:TrackPointExtension>
        </extensions>
      </trkpt>
      <trkpt lat="30.720336543223457" lon="111.29448047918399">
        <ele>0.0</ele>
        <time>2026-05-22T14:01:58Z</time>
        <extensions>
          <gpxtpx:TrackPointExtension>
            <gpxtpx:hr>115</gpxtpx:hr>
          </gpxtpx:TrackPointExtension>
        </extensions>
      </trkpt>
      <trkpt lat="30.72030853268108" lon="111.29449544317438">
        <ele>0.0</ele>
        <time>2026-05-22T14:01:59Z</time>
        <extensions>
          <gpxtpx:TrackPointExtension>
            <gpxtpx:hr>116</gpxtpx:hr>
          </gpxtpx:TrackPointExtension>
        </extensions>
      </trkpt>
      <trkpt lat="30.720272524439572" lon="111.29451140528741">
        <ele>0.0</ele>
        <time>2026-05-22T14:02:00Z</time>
        <extensions>
          <gpxtpx:TrackPointExtension>
            <gpxtpx:hr>116</gpxtpx:hr>
          </gpxtpx:TrackPointExtension>
        </extensions>
      </trkpt>
      <trkpt lat="30.720262518010717" lon="111.2945183882143">
        <ele>0.0</ele>
        <time>2026-05-22T14:02:01Z</time>
        <extensions>
          <gpxtpx:TrackPointExtension>
            <gpxtpx:hr>115</gpxtpx:hr>
          </gpxtpx:TrackPointExtension>
        </extensions>
      </trkpt>
      <trkpt lat="30.72024551339572" lon="111.2945263691812">
        <ele>0.0</ele>
        <time>2026-05-22T14:02:02Z</time>
        <extensions>
          <gpxtpx:TrackPointExtension>
            <gpxtpx:hr>113</gpxtpx:hr>
          </gpxtpx:TrackPointExtension>
        </extensions>
      </trkpt>
      <trkpt lat="30.72023150730731" lon="111.29453434988802">
        <ele>0.0</ele>
        <time>2026-05-22T14:02:03Z</time>
        <extensions>
          <gpxtpx:TrackPointExtension>
            <gpxtpx:hr>110</gpxtpx:hr>
          </gpxtpx:TrackPointExtension>
        </extensions>
      </trkpt>
      <trkpt lat="30.72021449134943" lon="111.29454931291193">
        <ele>0.0</ele>
        <time>2026-05-22T14:02:04Z</time>
        <extensions>
          <gpxtpx:TrackPointExtension>
            <gpxtpx:hr>109</gpxtpx:hr>
          </gpxtpx:TrackPointExtension>
        </extensions>
      </trkpt>
      <trkpt lat="30.720188479802168" lon="111.29456427670678">
        <ele>0.0</ele>
        <time>2026-05-22T14:02:05Z</time>
        <extensions>
          <gpxtpx:TrackPointExtension>
            <gpxtpx:hr>108</gpxtpx:hr>
          </gpxtpx:TrackPointExtension>
        </extensions>
      </trkpt>
      <trkpt lat="30.720161493048103" lon="111.29456427903476">
        <ele>0.0</ele>
        <time>2026-05-22T14:02:06Z</time>
        <extensions>
          <gpxtpx:TrackPointExtension>
            <gpxtpx:hr>107</gpxtpx:hr>
          </gpxtpx:TrackPointExtension>
        </extensions>
      </trkpt>
      <trkpt lat="30.720136492348836" lon="111.29457226068324">
        <ele>0.0</ele>
        <time>2026-05-22T14:02:07Z</time>
        <extensions>
          <gpxtpx:TrackPointExtension>
            <gpxtpx:hr>106</gpxtpx:hr>
          </gpxtpx:TrackPointExtension>
        </extensions>
      </trkpt>
      <trkpt lat="30.72011150461265" lon="111.29457226283877">
        <ele>0.0</ele>
        <time>2026-05-22T14:02:08Z</time>
        <extensions>
          <gpxtpx:TrackPointExtension>
            <gpxtpx:hr>106</gpxtpx:hr>
          </gpxtpx:TrackPointExtension>
        </extensions>
      </trkpt>
      <trkpt lat="30.72008150636378" lon="111.29458024491693">
        <ele>0.0</ele>
        <time>2026-05-22T14:02:09Z</time>
        <extensions>
          <gpxtpx:TrackPointExtension>
            <gpxtpx:hr>106</gpxtpx:hr>
          </gpxtpx:TrackPointExtension>
        </extensions>
      </trkpt>
      <trkpt lat="30.720039526965028" lon="111.29458024853822">
        <ele>0.0</ele>
        <time>2026-05-22T14:02:10Z</time>
        <extensions>
          <gpxtpx:TrackPointExtension>
            <gpxtpx:hr>107</gpxtpx:hr>
          </gpxtpx:TrackPointExtension>
        </extensions>
      </trkpt>
      <trkpt lat="30.71999954658406" lon="111.29458025198707">
        <ele>0.0</ele>
        <time>2026-05-22T14:02:11Z</time>
        <extensions>
          <gpxtpx:TrackPointExtension>
            <gpxtpx:hr>107</gpxtpx:hr>
          </gpxtpx:TrackPointExtension>
        </extensions>
      </trkpt>
      <trkpt lat="30.719955556818327" lon="111.29458723783473">
        <ele>0.0</ele>
        <time>2026-05-22T14:02:12Z</time>
        <extensions>
          <gpxtpx:TrackPointExtension>
            <gpxtpx:hr>109</gpxtpx:hr>
          </gpxtpx:TrackPointExtension>
        </extensions>
      </trkpt>
      <trkpt lat="30.719919548537383" lon="111.29460319991504">
        <ele>0.0</ele>
        <time>2026-05-22T14:02:13Z</time>
        <extensions>
          <gpxtpx:TrackPointExtension>
            <gpxtpx:hr>110</gpxtpx:hr>
          </gpxtpx:TrackPointExtension>
        </extensions>
      </trkpt>
      <trkpt lat="30.719875545794725" lon="111.29461816524393">
        <ele>0.0</ele>
        <time>2026-05-22T14:02:14Z</time>
        <extensions>
          <gpxtpx:TrackPointExtension>
            <gpxtpx:hr>111</gpxtpx:hr>
          </gpxtpx:TrackPointExtension>
        </extensions>
      </trkpt>
      <trkpt lat="30.719831556019546" lon="111.29462515108571">
        <ele>0.0</ele>
        <time>2026-05-22T14:02:15Z</time>
        <extensions>
          <gpxtpx:TrackPointExtension>
            <gpxtpx:hr>111</gpxtpx:hr>
          </gpxtpx:TrackPointExtension>
        </extensions>
      </trkpt>
      <trkpt lat="30.719785578574296" lon="111.2946251550519">
        <ele>0.0</ele>
        <time>2026-05-22T14:02:16Z</time>
        <extensions>
          <gpxtpx:TrackPointExtension>
            <gpxtpx:hr>112</gpxtpx:hr>
          </gpxtpx:TrackPointExtension>
        </extensions>
      </trkpt>
      <trkpt lat="30.719737602108026" lon="111.29462515919053">
        <ele>0.0</ele>
        <time>2026-05-22T14:02:17Z</time>
        <extensions>
          <gpxtpx:TrackPointExtension>
            <gpxtpx:hr>112</gpxtpx:hr>
          </gpxtpx:TrackPointExtension>
        </extensions>
      </trkpt>
      <trkpt lat="30.719688626130292" lon="111.29462516341538">
        <ele>0.0</ele>
        <time>2026-05-22T14:02:18Z</time>
        <extensions>
          <gpxtpx:TrackPointExtension>
            <gpxtpx:hr>112</gpxtpx:hr>
          </gpxtpx:TrackPointExtension>
        </extensions>
      </trkpt>
      <trkpt lat="30.719640649660597" lon="111.29462516755399">
        <ele>0.0</ele>
        <time>2026-05-22T14:02:19Z</time>
        <extensions>
          <gpxtpx:TrackPointExtension>
            <gpxtpx:hr>111</gpxtpx:hr>
          </gpxtpx:TrackPointExtension>
        </extensions>
      </trkpt>
      <trkpt lat="30.719592673189204" lon="111.2946251716926">
        <ele>0.0</ele>
        <time>2026-05-22T14:02:20Z</time>
        <extensions>
          <gpxtpx:TrackPointExtension>
            <gpxtpx:hr>111</gpxtpx:hr>
          </gpxtpx:TrackPointExtension>
        </extensions>
      </trkpt>
      <trkpt lat="30.719539699166734" lon="111.2946251762623">
        <ele>0.0</ele>
        <time>2026-05-22T14:02:21Z</time>
        <extensions>
          <gpxtpx:TrackPointExtension>
            <gpxtpx:hr>111</gpxtpx:hr>
          </gpxtpx:TrackPointExtension>
        </extensions>
      </trkpt>
      <trkpt lat="30.71950871436018" lon="111.29462517893514">
        <ele>0.0</ele>
        <time>2026-05-22T14:02:22Z</time>
        <extensions>
          <gpxtpx:TrackPointExtension>
            <gpxtpx:hr>112</gpxtpx:hr>
          </gpxtpx:TrackPointExtension>
        </extensions>
      </trkpt>
      <trkpt lat="30.719485736983017" lon="111.29461819887013">
        <ele>0.0</ele>
        <time>2026-05-22T14:02:23Z</time>
        <extensions>
          <gpxtpx:TrackPointExtension>
            <gpxtpx:hr>112</gpxtpx:hr>
          </gpxtpx:TrackPointExtension>
        </extensions>
      </trkpt>
      <trkpt lat="30.719470757305228" lon="111.29461022067855">
        <ele>0.0</ele>
        <time>2026-05-22T14:02:24Z</time>
        <extensions>
          <gpxtpx:TrackPointExtension>
            <gpxtpx:hr>111</gpxtpx:hr>
          </gpxtpx:TrackPointExtension>
        </extensions>
      </trkpt>
      <trkpt lat="30.71946176171584" lon="111.29461022145453">
        <ele>0.0</ele>
        <time>2026-05-22T14:02:25Z</time>
        <extensions>
          <gpxtpx:TrackPointExtension>
            <gpxtpx:hr>111</gpxtpx:hr>
          </gpxtpx:TrackPointExtension>
        </extensions>
      </trkpt>
      <trkpt lat="30.719447781546425" lon="111.2946022431753">
        <ele>0.0</ele>
        <time>2026-05-22T14:02:26Z</time>
        <extensions>
          <gpxtpx:TrackPointExtension>
            <gpxtpx:hr>110</gpxtpx:hr>
          </gpxtpx:TrackPointExtension>
        </extensions>
      </trkpt>
      <trkpt lat="30.71943878595689" lon="111.29460224395127">
        <ele>0.0</ele>
        <time>2026-05-22T14:02:27Z</time>
        <extensions>
          <gpxtpx:TrackPointExtension>
            <gpxtpx:hr>109</gpxtpx:hr>
          </gpxtpx:TrackPointExtension>
        </extensions>
      </trkpt>
      <trkpt lat="30.719428790857336" lon="111.29460224481348">
        <ele>0.0</ele>
        <time>2026-05-22T14:02:28Z</time>
        <extensions>
          <gpxtpx:TrackPointExtension>
            <gpxtpx:hr>109</gpxtpx:hr>
          </gpxtpx:TrackPointExtension>
        </extensions>
      </trkpt>
      <trkpt lat="30.719417783277997" lon="111.2946102252482">
        <ele>0.0</ele>
        <time>2026-05-22T14:02:29Z</time>
        <extensions>
          <gpxtpx:TrackPointExtension>
            <gpxtpx:hr>108</gpxtpx:hr>
          </gpxtpx:TrackPointExtension>
        </extensions>
      </trkpt>
      <trkpt lat="30.71939879258849" lon="111.29461022688638">
        <ele>0.0</ele>
        <time>2026-05-22T14:02:30Z</time>
        <extensions>
          <gpxtpx:TrackPointExtension>
            <gpxtpx:hr>108</gpxtpx:hr>
          </gpxtpx:TrackPointExtension>
        </extensions>
      </trkpt>
      <trkpt lat="30.71937780287872" lon="111.294610228697">
        <ele>0.0</ele>
        <time>2026-05-22T14:02:31Z</time>
        <extensions>
          <gpxtpx:TrackPointExtension>
            <gpxtpx:hr>109</gpxtpx:hr>
          </gpxtpx:TrackPointExtension>
        </extensions>
      </trkpt>
      <trkpt lat="30.71935081610854" lon="111.29461023102493">
        <ele>0.0</ele>
        <time>2026-05-22T14:02:32Z</time>
        <extensions>
          <gpxtpx:TrackPointExtension>
            <gpxtpx:hr>109</gpxtpx:hr>
          </gpxtpx:TrackPointExtension>
        </extensions>
      </trkpt>
      <trkpt lat="30.719317845247332" lon="111.29460225438385">
        <ele>0.0</ele>
        <time>2026-05-22T14:02:33Z</time>
        <extensions>
          <gpxtpx:TrackPointExtension>
            <gpxtpx:hr>108</gpxtpx:hr>
          </gpxtpx:TrackPointExtension>
        </extensions>
      </trkpt>
      <trkpt lat="30.71928384893577" lon="111.29461023680163">
        <ele>0.0</ele>
        <time>2026-05-22T14:02:34Z</time>
        <extensions>
          <gpxtpx:TrackPointExtension>
            <gpxtpx:hr>109</gpxtpx:hr>
          </gpxtpx:TrackPointExtension>
        </extensions>
      </trkpt>
      <trkpt lat="30.719245880522475" lon="111.29460226059162">
        <ele>0.0</ele>
        <time>2026-05-22T14:02:35Z</time>
        <extensions>
          <gpxtpx:TrackPointExtension>
            <gpxtpx:hr>109</gpxtpx:hr>
          </gpxtpx:TrackPointExtension>
        </extensions>
      </trkpt>
      <trkpt lat="30.719203901097874" lon="111.29460226421281">
        <ele>0.0</ele>
        <time>2026-05-22T14:02:36Z</time>
        <extensions>
          <gpxtpx:TrackPointExtension>
            <gpxtpx:hr>110</gpxtpx:hr>
          </gpxtpx:TrackPointExtension>
        </extensions>
      </trkpt>
      <trkpt lat="30.719157910661604" lon="111.29461024766525">
        <ele>0.0</ele>
        <time>2026-05-22T14:02:37Z</time>
        <extensions>
          <gpxtpx:TrackPointExtension>
            <gpxtpx:hr>110</gpxtpx:hr>
          </gpxtpx:TrackPointExtension>
        </extensions>
      </trkpt>
      <trkpt lat="30.719115931234285" lon="111.29461025128644">
        <ele>0.0</ele>
        <time>2026-05-22T14:02:38Z</time>
        <extensions>
          <gpxtpx:TrackPointExtension>
            <gpxtpx:hr>111</gpxtpx:hr>
          </gpxtpx:TrackPointExtension>
        </extensions>
      </trkpt>
      <trkpt lat="30.71907395180566" lon="111.29461025490762">
        <ele>0.0</ele>
        <time>2026-05-22T14:02:39Z</time>
        <extensions>
          <gpxtpx:TrackPointExtension>
            <gpxtpx:hr>111</gpxtpx:hr>
          </gpxtpx:TrackPointExtension>
        </extensions>
      </trkpt>
      <trkpt lat="30.71903598338648" lon="111.29460227869754">
        <ele>0.0</ele>
        <time>2026-05-22T14:02:40Z</time>
        <extensions>
          <gpxtpx:TrackPointExtension>
            <gpxtpx:hr>113</gpxtpx:hr>
          </gpxtpx:TrackPointExtension>
        </extensions>
      </trkpt>
      <trkpt lat="30.719002011385044" lon="111.29459529957718">
        <ele>0.0</ele>
        <time>2026-05-22T14:02:41Z</time>
        <extensions>
          <gpxtpx:TrackPointExtension>
            <gpxtpx:hr>114</gpxtpx:hr>
          </gpxtpx:TrackPointExtension>
        </extensions>
      </trkpt>
      <trkpt lat="30.718967041492295" lon="111.29458732310572">
        <ele>0.0</ele>
        <time>2026-05-22T14:02:42Z</time>
        <extensions>
          <gpxtpx:TrackPointExtension>
            <gpxtpx:hr>114</gpxtpx:hr>
          </gpxtpx:TrackPointExtension>
        </extensions>
      </trkpt>
      <trkpt lat="30.718933058141676" lon="111.2945873260371">
        <ele>0.0</ele>
        <time>2026-05-22T14:02:43Z</time>
        <extensions>
          <gpxtpx:TrackPointExtension>
            <gpxtpx:hr>115</gpxtpx:hr>
          </gpxtpx:TrackPointExtension>
        </extensions>
      </trkpt>
      <trkpt lat="30.71889508971478" lon="111.29457934982284">
        <ele>0.0</ele>
        <time>2026-05-22T14:02:44Z</time>
        <extensions>
          <gpxtpx:TrackPointExtension>
            <gpxtpx:hr>115</gpxtpx:hr>
          </gpxtpx:TrackPointExtension>
        </extensions>
      </trkpt>
      <trkpt lat="30.718857132628532" lon="111.29456439155045">
        <ele>0.0</ele>
        <time>2026-05-22T14:02:45Z</time>
        <extensions>
          <gpxtpx:TrackPointExtension>
            <gpxtpx:hr>115</gpxtpx:hr>
          </gpxtpx:TrackPointExtension>
        </extensions>
      </trkpt>
      <trkpt lat="30.71881517749498" lon="111.29454943361786">
        <ele>0.0</ele>
        <time>2026-05-22T14:02:46Z</time>
        <extensions>
          <gpxtpx:TrackPointExtension>
            <gpxtpx:hr>116</gpxtpx:hr>
          </gpxtpx:TrackPointExtension>
        </extensions>
      </trkpt>
      <trkpt lat="30.7187732110168" lon="111.29454145774156">
        <ele>0.0</ele>
        <time>2026-05-22T14:02:47Z</time>
        <extensions>
          <gpxtpx:TrackPointExtension>
            <gpxtpx:hr>116</gpxtpx:hr>
          </gpxtpx:TrackPointExtension>
        </extensions>
      </trkpt>
      <trkpt lat="30.71872123647277" lon="111.29454146222477">
        <ele>0.0</ele>
        <time>2026-05-22T14:02:48Z</time>
        <extensions>
          <gpxtpx:TrackPointExtension>
            <gpxtpx:hr>116</gpxtpx:hr>
          </gpxtpx:TrackPointExtension>
        </extensions>
      </trkpt>
      <trkpt lat="30.718668273754947" lon="111.29453448473281">
        <ele>0.0</ele>
        <time>2026-05-22T14:02:49Z</time>
        <extensions>
          <gpxtpx:TrackPointExtension>
            <gpxtpx:hr>115</gpxtpx:hr>
          </gpxtpx:TrackPointExtension>
        </extensions>
      </trkpt>
      <trkpt lat="30.718616299206886" lon="111.29453448921599">
        <ele>0.0</ele>
        <time>2026-05-22T14:02:50Z</time>
        <extensions>
          <gpxtpx:TrackPointExtension>
            <gpxtpx:hr>116</gpxtpx:hr>
          </gpxtpx:TrackPointExtension>
        </extensions>
      </trkpt>
      <trkpt lat="30.718559340061148" lon="111.29452651463012">
        <ele>0.0</ele>
        <time>2026-05-22T14:02:51Z</time>
        <extensions>
          <gpxtpx:TrackPointExtension>
            <gpxtpx:hr>117</gpxtpx:hr>
          </gpxtpx:TrackPointExtension>
        </extensions>
      </trkpt>
      <trkpt lat="30.71849839420455" lon="111.29451155832264">
        <ele>0.0</ele>
        <time>2026-05-22T14:02:52Z</time>
        <extensions>
          <gpxtpx:TrackPointExtension>
            <gpxtpx:hr>118</gpxtpx:hr>
          </gpxtpx:TrackPointExtension>
        </extensions>
      </trkpt>
      <trkpt lat="30.718435462270307" lon="111.29448862267553">
        <ele>0.0</ele>
        <time>2026-05-22T14:02:53Z</time>
        <extensions>
          <gpxtpx:TrackPointExtension>
            <gpxtpx:hr>118</gpxtpx:hr>
          </gpxtpx:TrackPointExtension>
        </extensions>
      </trkpt>
      <trkpt lat="30.718372518993455" lon="111.29447266908875">
        <ele>0.0</ele>
        <time>2026-05-22T14:02:54Z</time>
        <extensions>
          <gpxtpx:TrackPointExtension>
            <gpxtpx:hr>120</gpxtpx:hr>
          </gpxtpx:TrackPointExtension>
        </extensions>
      </trkpt>
      <trkpt lat="30.71831658361044" lon="111.29444973281787">
        <ele>0.0</ele>
        <time>2026-05-22T14:02:55Z</time>
        <extensions>
          <gpxtpx:TrackPointExtension>
            <gpxtpx:hr>120</gpxtpx:hr>
          </gpxtpx:TrackPointExtension>
        </extensions>
      </trkpt>
      <trkpt lat="30.71825964870344" lon="111.29442679662124">
        <ele>0.0</ele>
        <time>2026-05-22T14:02:56Z</time>
        <extensions>
          <gpxtpx:TrackPointExtension>
            <gpxtpx:hr>123</gpxtpx:hr>
          </gpxtpx:TrackPointExtension>
        </extensions>
      </trkpt>
      <trkpt lat="30.71819871412264" lon="111.29440485819785">
        <ele>0.0</ele>
        <time>2026-05-22T14:02:57Z</time>
        <extensions>
          <gpxtpx:TrackPointExtension>
            <gpxtpx:hr>129</gpxtpx:hr>
          </gpxtpx:TrackPointExtension>
        </extensions>
      </trkpt>
      <trkpt lat="30.718137781145767" lon="111.29438192232264">
        <ele>0.0</ele>
        <time>2026-05-22T14:02:58Z</time>
        <extensions>
          <gpxtpx:TrackPointExtension>
            <gpxtpx:hr>132</gpxtpx:hr>
          </gpxtpx:TrackPointExtension>
        </extensions>
      </trkpt>
      <trkpt lat="30.71807487498889" lon="111.29434302754277">
        <ele>0.0</ele>
        <time>2026-05-22T14:02:59Z</time>
        <extensions>
          <gpxtpx:TrackPointExtension>
            <gpxtpx:hr>135</gpxtpx:hr>
          </gpxtpx:TrackPointExtension>
        </extensions>
      </trkpt>
      <trkpt lat="30.71800598303625" lon="111.29429715114676">
        <ele>0.0</ele>
        <time>2026-05-22T14:03:00Z</time>
        <extensions>
          <gpxtpx:TrackPointExtension>
            <gpxtpx:hr>136</gpxtpx:hr>
          </gpxtpx:TrackPointExtension>
        </extensions>
      </trkpt>
      <trkpt lat="30.71793705391107" lon="111.29427421590489">
        <ele>0.0</ele>
        <time>2026-05-22T14:03:01Z</time>
        <extensions>
          <gpxtpx:TrackPointExtension>
            <gpxtpx:hr>137</gpxtpx:hr>
          </gpxtpx:TrackPointExtension>
        </extensions>
      </trkpt>
      <trkpt lat="30.717876145066672" lon="111.29423631830134">
        <ele>0.0</ele>
        <time>2026-05-22T14:03:02Z</time>
        <extensions>
          <gpxtpx:TrackPointExtension>
            <gpxtpx:hr>138</gpxtpx:hr>
          </gpxtpx:TrackPointExtension>
        </extensions>
      </trkpt>
      <trkpt lat="30.717813237167398" lon="111.29419842083742">
        <ele>0.0</ele>
        <time>2026-05-22T14:03:03Z</time>
        <extensions>
          <gpxtpx:TrackPointExtension>
            <gpxtpx:hr>137</gpxtpx:hr>
          </gpxtpx:TrackPointExtension>
        </extensions>
      </trkpt>
      <trkpt lat="30.717758325324915" lon="111.29416052265104">
        <ele>0.0</ele>
        <time>2026-05-22T14:03:04Z</time>
        <extensions>
          <gpxtpx:TrackPointExtension>
            <gpxtpx:hr>137</gpxtpx:hr>
          </gpxtpx:TrackPointExtension>
        </extensions>
      </trkpt>
      <trkpt lat="30.717704412961538" lon="111.29412262434563">
        <ele>0.0</ele>
        <time>2026-05-22T14:03:05Z</time>
        <extensions>
          <gpxtpx:TrackPointExtension>
            <gpxtpx:hr>136</gpxtpx:hr>
          </gpxtpx:TrackPointExtension>
        </extensions>
      </trkpt>
      <trkpt lat="30.717645491736004" lon="111.2940917085711">
        <ele>0.0</ele>
        <time>2026-05-22T14:03:06Z</time>
        <extensions>
          <gpxtpx:TrackPointExtension>
            <gpxtpx:hr>136</gpxtpx:hr>
          </gpxtpx:TrackPointExtension>
        </extensions>
      </trkpt>
      <trkpt lat="30.71758257244267" lon="111.29406079311941">
        <ele>0.0</ele>
        <time>2026-05-22T14:03:07Z</time>
        <extensions>
          <gpxtpx:TrackPointExtension>
            <gpxtpx:hr>136</gpxtpx:hr>
          </gpxtpx:TrackPointExtension>
        </extensions>
      </trkpt>
      <trkpt lat="30.717525661459337" lon="111.29402289498591">
        <ele>0.0</ele>
        <time>2026-05-22T14:03:08Z</time>
        <extensions>
          <gpxtpx:TrackPointExtension>
            <gpxtpx:hr>138</gpxtpx:hr>
          </gpxtpx:TrackPointExtension>
        </extensions>
      </trkpt>
      <trkpt lat="30.717468739184433" lon="111.29399197896812">
        <ele>0.0</ele>
        <time>2026-05-22T14:03:09Z</time>
        <extensions>
          <gpxtpx:TrackPointExtension>
            <gpxtpx:hr>140</gpxtpx:hr>
          </gpxtpx:TrackPointExtension>
        </extensions>
      </trkpt>
      <trkpt lat="30.717412801926827" lon="111.29397003989526">
        <ele>0.0</ele>
        <time>2026-05-22T14:03:10Z</time>
        <extensions>
          <gpxtpx:TrackPointExtension>
            <gpxtpx:hr>140</gpxtpx:hr>
          </gpxtpx:TrackPointExtension>
        </extensions>
      </trkpt>
      <trkpt lat="30.717359853545275" lon="111.29395408525676">
        <ele>0.0</ele>
        <time>2026-05-22T14:03:11Z</time>
        <extensions>
          <gpxtpx:TrackPointExtension>
            <gpxtpx:hr>139</gpxtpx:hr>
          </gpxtpx:TrackPointExtension>
        </extensions>
      </trkpt>
      <trkpt lat="30.71732289573328" lon="111.29393912668424">
        <ele>0.0</ele>
        <time>2026-05-22T14:03:12Z</time>
        <extensions>
          <gpxtpx:TrackPointExtension>
            <gpxtpx:hr>139</gpxtpx:hr>
          </gpxtpx:TrackPointExtension>
        </extensions>
      </trkpt>
      <trkpt lat="30.717265899461932" lon="111.29395409335903">
        <ele>0.0</ele>
        <time>2026-05-22T14:03:13Z</time>
        <extensions>
          <gpxtpx:TrackPointExtension>
            <gpxtpx:hr>138</gpxtpx:hr>
          </gpxtpx:TrackPointExtension>
        </extensions>
      </trkpt>
      <trkpt lat="30.717208938555437" lon="111.29394711611725">
        <ele>0.0</ele>
        <time>2026-05-22T14:03:14Z</time>
        <extensions>
          <gpxtpx:TrackPointExtension>
            <gpxtpx:hr>137</gpxtpx:hr>
          </gpxtpx:TrackPointExtension>
        </extensions>
      </trkpt>
      <trkpt lat="30.71716297388098" lon="111.29393914047525">
        <ele>0.0</ele>
        <time>2026-05-22T14:03:15Z</time>
        <extensions>
          <gpxtpx:TrackPointExtension>
            <gpxtpx:hr>137</gpxtpx:hr>
          </gpxtpx:TrackPointExtension>
        </extensions>
      </trkpt>
      <trkpt lat="30.717106038681653" lon="111.29391620401017">
        <ele>0.0</ele>
        <time>2026-05-22T14:03:16Z</time>
        <extensions>
          <gpxtpx:TrackPointExtension>
            <gpxtpx:hr>137</gpxtpx:hr>
          </gpxtpx:TrackPointExtension>
        </extensions>
      </trkpt>
      <trkpt lat="30.71705808622199" lon="111.29390124637256">
        <ele>0.0</ele>
        <time>2026-05-22T14:03:17Z</time>
        <extensions>
          <gpxtpx:TrackPointExtension>
            <gpxtpx:hr>138</gpxtpx:hr>
          </gpxtpx:TrackPointExtension>
        </extensions>
      </trkpt>
      <trkpt lat="30.7170031500235" lon="111.29387830971497">
        <ele>0.0</ele>
        <time>2026-05-22T14:03:18Z</time>
        <extensions>
          <gpxtpx:TrackPointExtension>
            <gpxtpx:hr>138</gpxtpx:hr>
          </gpxtpx:TrackPointExtension>
        </extensions>
      </trkpt>
      <trkpt lat="30.716951201106923" lon="111.29386235495627">
        <ele>0.0</ele>
        <time>2026-05-22T14:03:19Z</time>
        <extensions>
          <gpxtpx:TrackPointExtension>
            <gpxtpx:hr>138</gpxtpx:hr>
          </gpxtpx:TrackPointExtension>
        </extensions>
      </trkpt>
      <trkpt lat="30.716894277098476" lon="111.29383243627709">
        <ele>0.0</ele>
        <time>2026-05-22T14:03:20Z</time>
        <extensions>
          <gpxtpx:TrackPointExtension>
            <gpxtpx:hr>140</gpxtpx:hr>
          </gpxtpx:TrackPointExtension>
        </extensions>
      </trkpt>
      <trkpt lat="30.716823348670008" lon="111.29380950096197">
        <ele>0.0</ele>
        <time>2026-05-22T14:03:21Z</time>
        <extensions>
          <gpxtpx:TrackPointExtension>
            <gpxtpx:hr>140</gpxtpx:hr>
          </gpxtpx:TrackPointExtension>
        </extensions>
      </trkpt>
      <trkpt lat="30.71675541876255" lon="111.29378656537604">
        <ele>0.0</ele>
        <time>2026-05-22T14:03:22Z</time>
        <extensions>
          <gpxtpx:TrackPointExtension>
            <gpxtpx:hr>141</gpxtpx:hr>
          </gpxtpx:TrackPointExtension>
        </extensions>
      </trkpt>
      <trkpt lat="30.716688512406346" lon="111.29374866786411">
        <ele>0.0</ele>
        <time>2026-05-22T14:03:23Z</time>
        <extensions>
          <gpxtpx:TrackPointExtension>
            <gpxtpx:hr>142</gpxtpx:hr>
          </gpxtpx:TrackPointExtension>
        </extensions>
      </trkpt>
      <trkpt lat="30.716627591869823" lon="111.29371775199472">
        <ele>0.0</ele>
        <time>2026-05-22T14:03:24Z</time>
        <extensions>
          <gpxtpx:TrackPointExtension>
            <gpxtpx:hr>144</gpxtpx:hr>
          </gpxtpx:TrackPointExtension>
        </extensions>
      </trkpt>
      <trkpt lat="30.716554712407078" lon="111.29366489308273">
        <ele>0.0</ele>
        <time>2026-05-22T14:03:25Z</time>
        <extensions>
          <gpxtpx:TrackPointExtension>
            <gpxtpx:hr>144</gpxtpx:hr>
          </gpxtpx:TrackPointExtension>
        </extensions>
      </trkpt>
      <trkpt lat="30.716497826676076" lon="111.2936110352684">
        <ele>0.0</ele>
        <time>2026-05-22T14:03:26Z</time>
        <extensions>
          <gpxtpx:TrackPointExtension>
            <gpxtpx:hr>145</gpxtpx:hr>
          </gpxtpx:TrackPointExtension>
        </extensions>
      </trkpt>
      <trkpt lat="30.71643991577614" lon="111.29357313682623">
        <ele>0.0</ele>
        <time>2026-05-22T14:03:27Z</time>
        <extensions>
          <gpxtpx:TrackPointExtension>
            <gpxtpx:hr>145</gpxtpx:hr>
          </gpxtpx:TrackPointExtension>
        </extensions>
      </trkpt>
      <trkpt lat="30.71638499218691" lon="111.29354222031346">
        <ele>0.0</ele>
        <time>2026-05-22T14:03:28Z</time>
        <extensions>
          <gpxtpx:TrackPointExtension>
            <gpxtpx:hr>147</gpxtpx:hr>
          </gpxtpx:TrackPointExtension>
        </extensions>
      </trkpt>
      <trkpt lat="30.71633007976359" lon="111.29350432155188">
        <ele>0.0</ele>
        <time>2026-05-22T14:03:29Z</time>
        <extensions>
          <gpxtpx:TrackPointExtension>
            <gpxtpx:hr>147</gpxtpx:hr>
          </gpxtpx:TrackPointExtension>
        </extensions>
      </trkpt>
      <trkpt lat="30.71626718398822" lon="111.29345844375037">
        <ele>0.0</ele>
        <time>2026-05-22T14:03:30Z</time>
        <extensions>
          <gpxtpx:TrackPointExtension>
            <gpxtpx:hr>146</gpxtpx:hr>
          </gpxtpx:TrackPointExtension>
        </extensions>
      </trkpt>
      <trkpt lat="30.716211271980274" lon="111.29342054500074">
        <ele>0.0</ele>
        <time>2026-05-22T14:03:31Z</time>
        <extensions>
          <gpxtpx:TrackPointExtension>
            <gpxtpx:hr>146</gpxtpx:hr>
          </gpxtpx:TrackPointExtension>
        </extensions>
      </trkpt>
      <trkpt lat="30.716160357501355" lon="111.29338264578664">
        <ele>0.0</ele>
        <time>2026-05-22T14:03:32Z</time>
        <extensions>
          <gpxtpx:TrackPointExtension>
            <gpxtpx:hr>146</gpxtpx:hr>
          </gpxtpx:TrackPointExtension>
        </extensions>
      </trkpt>
      <trkpt lat="30.71611444214686" lon="111.29334374864322">
        <ele>0.0</ele>
        <time>2026-05-22T14:03:33Z</time>
        <extensions>
          <gpxtpx:TrackPointExtension>
            <gpxtpx:hr>146</gpxtpx:hr>
          </gpxtpx:TrackPointExtension>
        </extensions>
      </trkpt>
      <trkpt lat="30.716074522239165" lon="111.29330584841293">
        <ele>0.0</ele>
        <time>2026-05-22T14:03:34Z</time>
        <extensions>
          <gpxtpx:TrackPointExtension>
            <gpxtpx:hr>145</gpxtpx:hr>
          </gpxtpx:TrackPointExtension>
        </extensions>
      </trkpt>
      <trkpt lat="30.716035601812074" lon="111.29326794806272">
        <ele>0.0</ele>
        <time>2026-05-22T14:03:35Z</time>
        <extensions>
          <gpxtpx:TrackPointExtension>
            <gpxtpx:hr>145</gpxtpx:hr>
          </gpxtpx:TrackPointExtension>
        </extensions>
      </trkpt>
      <trkpt lat="30.71599567069302" lon="111.29323703003621">
        <ele>0.0</ele>
        <time>2026-05-22T14:03:36Z</time>
        <extensions>
          <gpxtpx:TrackPointExtension>
            <gpxtpx:hr>145</gpxtpx:hr>
          </gpxtpx:TrackPointExtension>
        </extensions>
      </trkpt>
      <trkpt lat="30.715959748745455" lon="111.29319912936614">
        <ele>0.0</ele>
        <time>2026-05-22T14:03:37Z</time>
        <extensions>
          <gpxtpx:TrackPointExtension>
            <gpxtpx:hr>145</gpxtpx:hr>
          </gpxtpx:TrackPointExtension>
        </extensions>
      </trkpt>
      <trkpt lat="30.71591782969078" lon="111.29316122917925">
        <ele>0.0</ele>
        <time>2026-05-22T14:03:38Z</time>
        <extensions>
          <gpxtpx:TrackPointExtension>
            <gpxtpx:hr>144</gpxtpx:hr>
          </gpxtpx:TrackPointExtension>
        </extensions>
      </trkpt>
      <trkpt lat="30.715882907192135" lon="111.2931233283553">
        <ele>0.0</ele>
        <time>2026-05-22T14:03:39Z</time>
        <extensions>
          <gpxtpx:TrackPointExtension>
            <gpxtpx:hr>143</gpxtpx:hr>
          </gpxtpx:TrackPointExtension>
        </extensions>
      </trkpt>
      <trkpt lat="30.71585097207361" lon="111.29309240953403">
        <ele>0.0</ele>
        <time>2026-05-22T14:03:40Z</time>
        <extensions>
          <gpxtpx:TrackPointExtension>
            <gpxtpx:hr>143</gpxtpx:hr>
          </gpxtpx:TrackPointExtension>
        </extensions>
      </trkpt>
      <trkpt lat="30.715820036446416" lon="111.29306149060396">
        <ele>0.0</ele>
        <time>2026-05-22T14:03:41Z</time>
        <extensions>
          <gpxtpx:TrackPointExtension>
            <gpxtpx:hr>142</gpxtpx:hr>
          </gpxtpx:TrackPointExtension>
        </extensions>
      </trkpt>
      <trkpt lat="30.715788075871792" lon="111.29304653128804">
        <ele>0.0</ele>
        <time>2026-05-22T14:03:42Z</time>
        <extensions>
          <gpxtpx:TrackPointExtension>
            <gpxtpx:hr>141</gpxtpx:hr>
          </gpxtpx:TrackPointExtension>
        </extensions>
      </trkpt>
      <trkpt lat="30.715756115291587" lon="111.2930315719668">
        <ele>0.0</ele>
        <time>2026-05-22T14:03:43Z</time>
        <extensions>
          <gpxtpx:TrackPointExtension>
            <gpxtpx:hr>140</gpxtpx:hr>
          </gpxtpx:TrackPointExtension>
        </extensions>
      </trkpt>
      <trkpt lat="30.71572115775553" lon="111.29301561542627">
        <ele>0.0</ele>
        <time>2026-05-22T14:03:44Z</time>
        <extensions>
          <gpxtpx:TrackPointExtension>
            <gpxtpx:hr>139</gpxtpx:hr>
          </gpxtpx:TrackPointExtension>
        </extensions>
      </trkpt>
      <trkpt lat="30.715696206452435" lon="111.29299267570768">
        <ele>0.0</ele>
        <time>2026-05-22T14:03:45Z</time>
        <extensions>
          <gpxtpx:TrackPointExtension>
            <gpxtpx:hr>138</gpxtpx:hr>
          </gpxtpx:TrackPointExtension>
        </extensions>
      </trkpt>
      <trkpt lat="30.715673228770452" lon="111.29298569537788">
        <ele>0.0</ele>
        <time>2026-05-22T14:03:46Z</time>
        <extensions>
          <gpxtpx:TrackPointExtension>
            <gpxtpx:hr>138</gpxtpx:hr>
          </gpxtpx:TrackPointExtension>
        </extensions>
      </trkpt>
      <trkpt lat="30.715668243903686" lon="111.29297771602266">
        <ele>0.0</ele>
        <time>2026-05-22T14:03:47Z</time>
        <extensions>
          <gpxtpx:TrackPointExtension>
            <gpxtpx:hr>137</gpxtpx:hr>
          </gpxtpx:TrackPointExtension>
        </extensions>
      </trkpt>
      <trkpt lat="30.71566025891039" lon="111.29297073439793">
        <ele>0.0</ele>
        <time>2026-05-22T14:03:48Z</time>
        <extensions>
          <gpxtpx:TrackPointExtension>
            <gpxtpx:hr>137</gpxtpx:hr>
          </gpxtpx:TrackPointExtension>
        </extensions>
      </trkpt>
      <trkpt lat="30.71565225169959" lon="111.29297771740124">
        <ele>0.0</ele>
        <time>2026-05-22T14:03:50Z</time>
        <extensions>
          <gpxtpx:TrackPointExtension>
            <gpxtpx:hr>135</gpxtpx:hr>
          </gpxtpx:TrackPointExtension>
        </extensions>
      </trkpt>
      <trkpt lat="30.715643243387735" lon="111.29298569796275">
        <ele>0.0</ele>
        <time>2026-05-22T14:03:53Z</time>
        <extensions>
          <gpxtpx:TrackPointExtension>
            <gpxtpx:hr>131</gpxtpx:hr>
          </gpxtpx:TrackPointExtension>
        </extensions>
      </trkpt>
      <trkpt lat="30.715641244362192" lon="111.29298569813507">
        <ele>0.0</ele>
        <time>2026-05-22T14:03:54Z</time>
        <extensions>
          <gpxtpx:TrackPointExtension>
            <gpxtpx:hr>130</gpxtpx:hr>
          </gpxtpx:TrackPointExtension>
        </extensions>
      </trkpt>
      <trkpt lat="30.71563524728556" lon="111.29298569865205">
        <ele>0.0</ele>
        <time>2026-05-22T14:03:55Z</time>
        <extensions>
          <gpxtpx:TrackPointExtension>
            <gpxtpx:hr>129</gpxtpx:hr>
          </gpxtpx:TrackPointExtension>
        </extensions>
      </trkpt>
      <trkpt lat="30.715628263393096" lon="111.29297771946914">
        <ele>0.0</ele>
        <time>2026-05-22T14:03:56Z</time>
        <extensions>
          <gpxtpx:TrackPointExtension>
            <gpxtpx:hr>128</gpxtpx:hr>
          </gpxtpx:TrackPointExtension>
        </extensions>
      </trkpt>
      <trkpt lat="30.71560828424608" lon="111.29297073887832">
        <ele>0.0</ele>
        <time>2026-05-22T14:03:57Z</time>
        <extensions>
          <gpxtpx:TrackPointExtension>
            <gpxtpx:hr>128</gpxtpx:hr>
          </gpxtpx:TrackPointExtension>
        </extensions>
      </trkpt>
      <trkpt lat="30.715584295938793" lon="111.2929707409462">
        <ele>0.0</ele>
        <time>2026-05-22T14:03:58Z</time>
        <extensions>
          <gpxtpx:TrackPointExtension>
            <gpxtpx:hr>127</gpxtpx:hr>
          </gpxtpx:TrackPointExtension>
        </extensions>
      </trkpt>
      <trkpt lat="30.715553323735648" lon="111.29296276382833">
        <ele>0.0</ele>
        <time>2026-05-22T14:03:59Z</time>
        <extensions>
          <gpxtpx:TrackPointExtension>
            <gpxtpx:hr>127</gpxtpx:hr>
          </gpxtpx:TrackPointExtension>
        </extensions>
      </trkpt>
      <trkpt lat="30.71551734127308" lon="111.29296276693013">
        <ele>0.0</ele>
        <time>2026-05-22T14:04:00Z</time>
        <extensions>
          <gpxtpx:TrackPointExtension>
            <gpxtpx:hr>128</gpxtpx:hr>
          </gpxtpx:TrackPointExtension>
        </extensions>
      </trkpt>
      <trkpt lat="30.715483345140928" lon="111.2929707496485">
        <ele>0.0</ele>
        <time>2026-05-22T14:04:01Z</time>
        <extensions>
          <gpxtpx:TrackPointExtension>
            <gpxtpx:hr>128</gpxtpx:hr>
          </gpxtpx:TrackPointExtension>
        </extensions>
      </trkpt>
      <trkpt lat="30.715446363163572" lon="111.29297075283645">
        <ele>0.0</ele>
        <time>2026-05-22T14:04:02Z</time>
        <extensions>
          <gpxtpx:TrackPointExtension>
            <gpxtpx:hr>128</gpxtpx:hr>
          </gpxtpx:TrackPointExtension>
        </extensions>
      </trkpt>
      <trkpt lat="30.715414391444295" lon="111.2929627758047">
        <ele>0.0</ele>
        <time>2026-05-22T14:04:03Z</time>
        <extensions>
          <gpxtpx:TrackPointExtension>
            <gpxtpx:hr>128</gpxtpx:hr>
          </gpxtpx:TrackPointExtension>
        </extensions>
      </trkpt>
      <trkpt lat="30.71538140751689" lon="111.292962778648">
        <ele>0.0</ele>
        <time>2026-05-22T14:04:04Z</time>
        <extensions>
          <gpxtpx:TrackPointExtension>
            <gpxtpx:hr>130</gpxtpx:hr>
          </gpxtpx:TrackPointExtension>
        </extensions>
      </trkpt>
      <trkpt lat="30.715345425049712" lon="111.29296278174978">
        <ele>0.0</ele>
        <time>2026-05-22T14:04:05Z</time>
        <extensions>
          <gpxtpx:TrackPointExtension>
            <gpxtpx:hr>130</gpxtpx:hr>
          </gpxtpx:TrackPointExtension>
        </extensions>
      </trkpt>
      <trkpt lat="30.71531345332665" lon="111.29295480471646">
        <ele>0.0</ele>
        <time>2026-05-22T14:04:06Z</time>
        <extensions>
          <gpxtpx:TrackPointExtension>
            <gpxtpx:hr>131</gpxtpx:hr>
          </gpxtpx:TrackPointExtension>
        </extensions>
      </trkpt>
      <trkpt lat="30.715280469396763" lon="111.29295480755974">
        <ele>0.0</ele>
        <time>2026-05-22T14:04:07Z</time>
        <extensions>
          <gpxtpx:TrackPointExtension>
            <gpxtpx:hr>131</gpxtpx:hr>
          </gpxtpx:TrackPointExtension>
        </extensions>
      </trkpt>
      <trkpt lat="30.715248496084396" lon="111.29294782799897">
        <ele>0.0</ele>
        <time>2026-05-22T14:04:08Z</time>
        <extensions>
          <gpxtpx:TrackPointExtension>
            <gpxtpx:hr>131</gpxtpx:hr>
          </gpxtpx:TrackPointExtension>
        </extensions>
      </trkpt>
      <trkpt lat="30.71521951020525" lon="111.2929478304976">
        <ele>0.0</ele>
        <time>2026-05-22T14:04:09Z</time>
        <extensions>
          <gpxtpx:TrackPointExtension>
            <gpxtpx:hr>131</gpxtpx:hr>
          </gpxtpx:TrackPointExtension>
        </extensions>
      </trkpt>
      <trkpt lat="30.715189524812374" lon="111.29294783308238">
        <ele>0.0</ele>
        <time>2026-05-22T14:04:10Z</time>
        <extensions>
          <gpxtpx:TrackPointExtension>
            <gpxtpx:hr>131</gpxtpx:hr>
          </gpxtpx:TrackPointExtension>
        </extensions>
      </trkpt>
      <trkpt lat="30.71516252685294" lon="111.29295481772658">
        <ele>0.0</ele>
        <time>2026-05-22T14:04:11Z</time>
        <extensions>
          <gpxtpx:TrackPointExtension>
            <gpxtpx:hr>130</gpxtpx:hr>
          </gpxtpx:TrackPointExtension>
        </extensions>
      </trkpt>
      <trkpt lat="30.71514152438408" lon="111.29296279932643">
        <ele>0.0</ele>
        <time>2026-05-22T14:04:12Z</time>
        <extensions>
          <gpxtpx:TrackPointExtension>
            <gpxtpx:hr>130</gpxtpx:hr>
          </gpxtpx:TrackPointExtension>
        </extensions>
      </trkpt>
      <trkpt lat="30.715128506910037" lon="111.29297776254961">
        <ele>0.0</ele>
        <time>2026-05-22T14:04:13Z</time>
        <extensions>
          <gpxtpx:TrackPointExtension>
            <gpxtpx:hr>130</gpxtpx:hr>
          </gpxtpx:TrackPointExtension>
        </extensions>
      </trkpt>
      <trkpt lat="30.715126484075782" lon="111.29299272481973">
        <ele>0.0</ele>
        <time>2026-05-22T14:04:15Z</time>
        <extensions>
          <gpxtpx:TrackPointExtension>
            <gpxtpx:hr>130</gpxtpx:hr>
          </gpxtpx:TrackPointExtension>
        </extensions>
      </trkpt>
      <trkpt lat="30.715128483102088" lon="111.2929927246474">
        <ele>0.0</ele>
        <time>2026-05-22T14:04:20Z</time>
        <extensions>
          <gpxtpx:TrackPointExtension>
            <gpxtpx:hr>126</gpxtpx:hr>
          </gpxtpx:TrackPointExtension>
        </extensions>
      </trkpt>
      <trkpt lat="30.715130469428846" lon="111.29300070425842">
        <ele>0.0</ele>
        <time>2026-05-22T14:04:32Z</time>
        <extensions>
          <gpxtpx:TrackPointExtension>
            <gpxtpx:hr>111</gpxtpx:hr>
          </gpxtpx:TrackPointExtension>
        </extensions>
      </trkpt>
      <trkpt lat="30.715130469428846" lon="111.29300070425842">
        <ele>0.0</ele>
        <time>2026-05-22T14:04:34Z</time>
        <extensions>
          <gpxtpx:TrackPointExtension>
            <gpxtpx:hr>113</gpxtpx:hr>
          </gpxtpx:TrackPointExtension>
        </extensions>
      </trkpt>
      <trkpt lat="30.71511448991788" lon="111.29299272585365">
        <ele>0.0</ele>
        <time>2026-05-22T14:04:35Z</time>
        <extensions>
          <gpxtpx:TrackPointExtension>
            <gpxtpx:hr>113</gpxtpx:hr>
          </gpxtpx:TrackPointExtension>
        </extensions>
      </trkpt>
      <trkpt lat="30.71510349527304" lon="111.29299272680142">
        <ele>0.0</ele>
        <time>2026-05-22T14:04:36Z</time>
        <extensions>
          <gpxtpx:TrackPointExtension>
            <gpxtpx:hr>114</gpxtpx:hr>
          </gpxtpx:TrackPointExtension>
        </extensions>
      </trkpt>
      <trkpt lat="30.71508650354902" lon="111.29299272826614">
        <ele>0.0</ele>
        <time>2026-05-22T14:04:37Z</time>
        <extensions>
          <gpxtpx:TrackPointExtension>
            <gpxtpx:hr>114</gpxtpx:hr>
          </gpxtpx:TrackPointExtension>
        </extensions>
      </trkpt>
      <trkpt lat="30.715065513771993" lon="111.29299273007551">
        <ele>0.0</ele>
        <time>2026-05-22T14:04:38Z</time>
        <extensions>
          <gpxtpx:TrackPointExtension>
            <gpxtpx:hr>115</gpxtpx:hr>
          </gpxtpx:TrackPointExtension>
        </extensions>
      </trkpt>
      <trkpt lat="30.71504053705274" lon="111.29298574991785">
        <ele>0.0</ele>
        <time>2026-05-22T14:04:39Z</time>
        <extensions>
          <gpxtpx:TrackPointExtension>
            <gpxtpx:hr>116</gpxtpx:hr>
          </gpxtpx:TrackPointExtension>
        </extensions>
      </trkpt>
      <trkpt lat="30.715013562892548" lon="111.292977772458">
        <ele>0.0</ele>
        <time>2026-05-22T14:04:40Z</time>
        <extensions>
          <gpxtpx:TrackPointExtension>
            <gpxtpx:hr>116</gpxtpx:hr>
          </gpxtpx:TrackPointExtension>
        </extensions>
      </trkpt>
      <trkpt lat="30.714984600811434" lon="111.29296281285346">
        <ele>0.0</ele>
        <time>2026-05-22T14:04:41Z</time>
        <extensions>
          <gpxtpx:TrackPointExtension>
            <gpxtpx:hr>119</gpxtpx:hr>
          </gpxtpx:TrackPointExtension>
        </extensions>
      </trkpt>
      <trkpt lat="30.714948618333587" lon="111.29296281595519">
        <ele>0.0</ele>
        <time>2026-05-22T14:04:42Z</time>
        <extensions>
          <gpxtpx:TrackPointExtension>
            <gpxtpx:hr>120</gpxtpx:hr>
          </gpxtpx:TrackPointExtension>
        </extensions>
      </trkpt>
      <trkpt lat="30.71491264854779" lon="111.29295483926637">
        <ele>0.0</ele>
        <time>2026-05-22T14:04:43Z</time>
        <extensions>
          <gpxtpx:TrackPointExtension>
            <gpxtpx:hr>121</gpxtpx:hr>
          </gpxtpx:TrackPointExtension>
        </extensions>
      </trkpt>
      <trkpt lat="30.714876666068008" lon="111.29295484236808">
        <ele>0.0</ele>
        <time>2026-05-22T14:04:44Z</time>
        <extensions>
          <gpxtpx:TrackPointExtension>
            <gpxtpx:hr>122</gpxtpx:hr>
          </gpxtpx:TrackPointExtension>
        </extensions>
      </trkpt>
      <trkpt lat="30.71483969517915" lon="111.29294786323798">
        <ele>0.0</ele>
        <time>2026-05-22T14:04:45Z</time>
        <extensions>
          <gpxtpx:TrackPointExtension>
            <gpxtpx:hr>123</gpxtpx:hr>
          </gpxtpx:TrackPointExtension>
        </extensions>
      </trkpt>
      <trkpt lat="30.714807710750975" lon="111.29294786599505">
        <ele>0.0</ele>
        <time>2026-05-22T14:04:46Z</time>
        <extensions>
          <gpxtpx:TrackPointExtension>
            <gpxtpx:hr>123</gpxtpx:hr>
          </gpxtpx:TrackPointExtension>
        </extensions>
      </trkpt>
      <trkpt lat="30.71478072388911" lon="111.2929478683213">
        <ele>0.0</ele>
        <time>2026-05-22T14:04:47Z</time>
        <extensions>
          <gpxtpx:TrackPointExtension>
            <gpxtpx:hr>124</gpxtpx:hr>
          </gpxtpx:TrackPointExtension>
        </extensions>
      </trkpt>
      <trkpt lat="30.71475774777087" lon="111.29293989050956">
        <ele>0.0</ele>
        <time>2026-05-22T14:04:48Z</time>
        <extensions>
          <gpxtpx:TrackPointExtension>
            <gpxtpx:hr>123</gpxtpx:hr>
          </gpxtpx:TrackPointExtension>
        </extensions>
      </trkpt>
      <trkpt lat="30.714733759448343" lon="111.29293989257734">
        <ele>0.0</ele>
        <time>2026-05-22T14:04:49Z</time>
        <extensions>
          <gpxtpx:TrackPointExtension>
            <gpxtpx:hr>122</gpxtpx:hr>
          </gpxtpx:TrackPointExtension>
        </extensions>
      </trkpt>
      <trkpt lat="30.714706772584982" lon="111.2929398949036">
        <ele>0.0</ele>
        <time>2026-05-22T14:04:50Z</time>
        <extensions>
          <gpxtpx:TrackPointExtension>
            <gpxtpx:hr>121</gpxtpx:hr>
          </gpxtpx:TrackPointExtension>
        </extensions>
      </trkpt>
      <trkpt lat="30.71467580035619" lon="111.29293191777955">
        <ele>0.0</ele>
        <time>2026-05-22T14:04:51Z</time>
        <extensions>
          <gpxtpx:TrackPointExtension>
            <gpxtpx:hr>121</gpxtpx:hr>
          </gpxtpx:TrackPointExtension>
        </extensions>
      </trkpt>
      <trkpt lat="30.714649824106978" lon="111.29292493769785">
        <ele>0.0</ele>
        <time>2026-05-22T14:04:52Z</time>
        <extensions>
          <gpxtpx:TrackPointExtension>
            <gpxtpx:hr>121</gpxtpx:hr>
          </gpxtpx:TrackPointExtension>
        </extensions>
      </trkpt>
      <trkpt lat="30.714620838214863" lon="111.2929249401964">
        <ele>0.0</ele>
        <time>2026-05-22T14:04:53Z</time>
        <extensions>
          <gpxtpx:TrackPointExtension>
            <gpxtpx:hr>121</gpxtpx:hr>
          </gpxtpx:TrackPointExtension>
        </extensions>
      </trkpt>
      <trkpt lat="30.714597849403425" lon="111.292924942178">
        <ele>0.0</ele>
        <time>2026-05-22T14:04:54Z</time>
        <extensions>
          <gpxtpx:TrackPointExtension>
            <gpxtpx:hr>122</gpxtpx:hr>
          </gpxtpx:TrackPointExtension>
        </extensions>
      </trkpt>
      <trkpt lat="30.714574873278085" lon="111.29291696436184">
        <ele>0.0</ele>
        <time>2026-05-22T14:04:55Z</time>
        <extensions>
          <gpxtpx:TrackPointExtension>
            <gpxtpx:hr>122</gpxtpx:hr>
          </gpxtpx:TrackPointExtension>
        </extensions>
      </trkpt>
      <trkpt lat="30.714551897150976" lon="111.29290898654415">
        <ele>0.0</ele>
        <time>2026-05-22T14:04:56Z</time>
        <extensions>
          <gpxtpx:TrackPointExtension>
            <gpxtpx:hr>122</gpxtpx:hr>
          </gpxtpx:TrackPointExtension>
        </extensions>
      </trkpt>
      <trkpt lat="30.714523910770335" lon="111.29290898895651">
        <ele>0.0</ele>
        <time>2026-05-22T14:04:57Z</time>
        <extensions>
          <gpxtpx:TrackPointExtension>
            <gpxtpx:hr>123</gpxtpx:hr>
          </gpxtpx:TrackPointExtension>
        </extensions>
      </trkpt>
      <trkpt lat="30.71449092682097" lon="111.29290899179966">
        <ele>0.0</ele>
        <time>2026-05-22T14:04:58Z</time>
        <extensions>
          <gpxtpx:TrackPointExtension>
            <gpxtpx:hr>124</gpxtpx:hr>
          </gpxtpx:TrackPointExtension>
        </extensions>
      </trkpt>
      <trkpt lat="30.7144679380073" lon="111.29290899378125">
        <ele>0.0</ele>
        <time>2026-05-22T14:04:59Z</time>
        <extensions>
          <gpxtpx:TrackPointExtension>
            <gpxtpx:hr>124</gpxtpx:hr>
          </gpxtpx:TrackPointExtension>
        </extensions>
      </trkpt>
      <trkpt lat="30.714456943357142" lon="111.29290899472896">
        <ele>0.0</ele>
        <time>2026-05-22T14:05:00Z</time>
        <extensions>
          <gpxtpx:TrackPointExtension>
            <gpxtpx:hr>125</gpxtpx:hr>
          </gpxtpx:TrackPointExtension>
        </extensions>
      </trkpt>
      <trkpt lat="30.714452932617398" lon="111.29291697487291">
        <ele>0.0</ele>
        <time>2026-05-22T14:05:03Z</time>
        <extensions>
          <gpxtpx:TrackPointExtension>
            <gpxtpx:hr>123</gpxtpx:hr>
          </gpxtpx:TrackPointExtension>
        </extensions>
      </trkpt>
      <trkpt lat="30.714462915067447" lon="111.29292495380913">
        <ele>0.0</ele>
        <time>2026-05-22T14:05:42Z</time>
        <extensions>
          <gpxtpx:TrackPointExtension>
            <gpxtpx:hr>95</gpxtpx:hr>
          </gpxtpx:TrackPointExtension>
        </extensions>
      </trkpt>
      <trkpt lat="30.714462915067447" lon="111.29292495380913">
        <ele>0.0</ele>
        <time>2026-05-22T14:05:43Z</time>
        <extensions>
          <gpxtpx:TrackPointExtension>
            <gpxtpx:hr>95</gpxtpx:hr>
          </gpxtpx:TrackPointExtension>
        </extensions>
      </trkpt>
      <trkpt lat="30.714462915067447" lon="111.29292495380913">
        <ele>0.0</ele>
        <time>2026-05-22T14:05:44Z</time>
        <extensions>
          <gpxtpx:TrackPointExtension>
            <gpxtpx:hr>96</gpxtpx:hr>
          </gpxtpx:TrackPointExtension>
        </extensions>
      </trkpt>
      <trkpt lat="30.714430004045127" lon="111.2928790727943">
        <ele>0.0</ele>
        <time>2026-05-22T14:05:45Z</time>
        <extensions>
          <gpxtpx:TrackPointExtension>
            <gpxtpx:hr>96</gpxtpx:hr>
          </gpxtpx:TrackPointExtension>
        </extensions>
      </trkpt>
      <trkpt lat="30.71441303766833" lon="111.29286311464445">
        <ele>0.0</ele>
        <time>2026-05-22T14:05:46Z</time>
        <extensions>
          <gpxtpx:TrackPointExtension>
            <gpxtpx:hr>97</gpxtpx:hr>
          </gpxtpx:TrackPointExtension>
        </extensions>
      </trkpt>
      <trkpt lat="30.714388086265185" lon="111.29284017484187">
        <ele>0.0</ele>
        <time>2026-05-22T14:05:47Z</time>
        <extensions>
          <gpxtpx:TrackPointExtension>
            <gpxtpx:hr>97</gpxtpx:hr>
          </gpxtpx:TrackPointExtension>
        </extensions>
      </trkpt>
      <trkpt lat="30.71434410766138" lon="111.29284017863263">
        <ele>0.0</ele>
        <time>2026-05-22T14:05:48Z</time>
        <extensions>
          <gpxtpx:TrackPointExtension>
            <gpxtpx:hr>99</gpxtpx:hr>
          </gpxtpx:TrackPointExtension>
        </extensions>
      </trkpt>
      <trkpt lat="30.714291144520093" lon="111.2928332008617">
        <ele>0.0</ele>
        <time>2026-05-22T14:05:49Z</time>
        <extensions>
          <gpxtpx:TrackPointExtension>
            <gpxtpx:hr>99</gpxtpx:hr>
          </gpxtpx:TrackPointExtension>
        </extensions>
      </trkpt>
      <trkpt lat="30.71423217320583" lon="111.29283320594473">
        <ele>0.0</ele>
        <time>2026-05-22T14:05:50Z</time>
        <extensions>
          <gpxtpx:TrackPointExtension>
            <gpxtpx:hr>104</gpxtpx:hr>
          </gpxtpx:TrackPointExtension>
        </extensions>
      </trkpt>
      <trkpt lat="30.7141651820168" lon="111.29284817386646">
        <ele>0.0</ele>
        <time>2026-05-22T14:05:51Z</time>
        <extensions>
          <gpxtpx:TrackPointExtension>
            <gpxtpx:hr>107</gpxtpx:hr>
          </gpxtpx:TrackPointExtension>
        </extensions>
      </trkpt>
      <trkpt lat="30.714090182030947" lon="111.29287112228023">
        <ele>0.0</ele>
        <time>2026-05-22T14:05:52Z</time>
        <extensions>
          <gpxtpx:TrackPointExtension>
            <gpxtpx:hr>110</gpxtpx:hr>
          </gpxtpx:TrackPointExtension>
        </extensions>
      </trkpt>
      <trkpt lat="30.714018167888923" lon="111.29290205022534">
        <ele>0.0</ele>
        <time>2026-05-22T14:05:53Z</time>
        <extensions>
          <gpxtpx:TrackPointExtension>
            <gpxtpx:hr>112</gpxtpx:hr>
          </gpxtpx:TrackPointExtension>
        </extensions>
      </trkpt>
      <trkpt lat="30.713959148990842" lon="111.29293197955339">
        <ele>0.0</ele>
        <time>2026-05-22T14:05:54Z</time>
        <extensions>
          <gpxtpx:TrackPointExtension>
            <gpxtpx:hr>114</gpxtpx:hr>
          </gpxtpx:TrackPointExtension>
        </extensions>
      </trkpt>
      <trkpt lat="30.713898129455977" lon="111.29296290650639">
        <ele>0.0</ele>
        <time>2026-05-22T14:05:55Z</time>
        <extensions>
          <gpxtpx:TrackPointExtension>
            <gpxtpx:hr>117</gpxtpx:hr>
          </gpxtpx:TrackPointExtension>
        </extensions>
      </trkpt>
      <trkpt lat="30.713835087056385" lon="111.29300879570185">
        <ele>0.0</ele>
        <time>2026-05-22T14:05:56Z</time>
        <extensions>
          <gpxtpx:TrackPointExtension>
            <gpxtpx:hr>119</gpxtpx:hr>
          </gpxtpx:TrackPointExtension>
        </extensions>
      </trkpt>
      <trkpt lat="30.713774069053027" lon="111.29303872512692">
        <ele>0.0</ele>
        <time>2026-05-22T14:05:57Z</time>
        <extensions>
          <gpxtpx:TrackPointExtension>
            <gpxtpx:hr>120</gpxtpx:hr>
          </gpxtpx:TrackPointExtension>
        </extensions>
      </trkpt>
      <trkpt lat="30.713705029487407" lon="111.29308461475742">
        <ele>0.0</ele>
        <time>2026-05-22T14:05:58Z</time>
        <extensions>
          <gpxtpx:TrackPointExtension>
            <gpxtpx:hr>121</gpxtpx:hr>
          </gpxtpx:TrackPointExtension>
        </extensions>
      </trkpt>
      <trkpt lat="30.71363797617836" lon="111.29313848392381">
        <ele>0.0</ele>
        <time>2026-05-22T14:05:59Z</time>
        <extensions>
          <gpxtpx:TrackPointExtension>
            <gpxtpx:hr>122</gpxtpx:hr>
          </gpxtpx:TrackPointExtension>
        </extensions>
      </trkpt>
      <trkpt lat="30.71357193664185" lon="111.29318337571975">
        <ele>0.0</ele>
        <time>2026-05-22T14:06:00Z</time>
        <extensions>
          <gpxtpx:TrackPointExtension>
            <gpxtpx:hr>127</gpxtpx:hr>
          </gpxtpx:TrackPointExtension>
        </extensions>
      </trkpt>
      <trkpt lat="30.713510893038315" lon="111.29322926450517">
        <ele>0.0</ele>
        <time>2026-05-22T14:06:01Z</time>
        <extensions>
          <gpxtpx:TrackPointExtension>
            <gpxtpx:hr>133</gpxtpx:hr>
          </gpxtpx:TrackPointExtension>
        </extensions>
      </trkpt>
      <trkpt lat="30.713445862482573" lon="111.29326817132042">
        <ele>0.0</ele>
        <time>2026-05-22T14:06:02Z</time>
        <extensions>
          <gpxtpx:TrackPointExtension>
            <gpxtpx:hr>136</gpxtpx:hr>
          </gpxtpx:TrackPointExtension>
        </extensions>
      </trkpt>
      <trkpt lat="30.71338082232646" lon="111.29331306289397">
        <ele>0.0</ele>
        <time>2026-05-22T14:06:03Z</time>
        <extensions>
          <gpxtpx:TrackPointExtension>
            <gpxtpx:hr>138</gpxtpx:hr>
          </gpxtpx:TrackPointExtension>
        </extensions>
      </trkpt>
      <trkpt lat="30.71331376873786" lon="111.29336693177238">
        <ele>0.0</ele>
        <time>2026-05-22T14:06:04Z</time>
        <extensions>
          <gpxtpx:TrackPointExtension>
            <gpxtpx:hr>140</gpxtpx:hr>
          </gpxtpx:TrackPointExtension>
        </extensions>
      </trkpt>
      <trkpt lat="30.71324574111072" lon="111.29340484125778">
        <ele>0.0</ele>
        <time>2026-05-22T14:06:05Z</time>
        <extensions>
          <gpxtpx:TrackPointExtension>
            <gpxtpx:hr>142</gpxtpx:hr>
          </gpxtpx:TrackPointExtension>
        </extensions>
      </trkpt>
      <trkpt lat="30.713186709081018" lon="111.29344274993427">
        <ele>0.0</ele>
        <time>2026-05-22T14:06:06Z</time>
        <extensions>
          <gpxtpx:TrackPointExtension>
            <gpxtpx:hr>144</gpxtpx:hr>
          </gpxtpx:TrackPointExtension>
        </extensions>
      </trkpt>
      <trkpt lat="30.713123677361775" lon="111.29348165638369">
        <ele>0.0</ele>
        <time>2026-05-22T14:06:07Z</time>
        <extensions>
          <gpxtpx:TrackPointExtension>
            <gpxtpx:hr>145</gpxtpx:hr>
          </gpxtpx:TrackPointExtension>
        </extensions>
      </trkpt>
      <trkpt lat="30.713067643808902" lon="111.29351956473408">
        <ele>0.0</ele>
        <time>2026-05-22T14:06:08Z</time>
        <extensions>
          <gpxtpx:TrackPointExtension>
            <gpxtpx:hr>148</gpxtpx:hr>
          </gpxtpx:TrackPointExtension>
        </extensions>
      </trkpt>
      <trkpt lat="30.71301262093315" lon="111.29355049074535">
        <ele>0.0</ele>
        <time>2026-05-22T14:06:09Z</time>
        <extensions>
          <gpxtpx:TrackPointExtension>
            <gpxtpx:hr>147</gpxtpx:hr>
          </gpxtpx:TrackPointExtension>
        </extensions>
      </trkpt>
      <trkpt lat="30.712953601575627" lon="111.29358041961983">
        <ele>0.0</ele>
        <time>2026-05-22T14:06:10Z</time>
        <extensions>
          <gpxtpx:TrackPointExtension>
            <gpxtpx:hr>147</gpxtpx:hr>
          </gpxtpx:TrackPointExtension>
        </extensions>
      </trkpt>
      <trkpt lat="30.71290557525905" lon="111.29361134498437">
        <ele>0.0</ele>
        <time>2026-05-22T14:06:11Z</time>
        <extensions>
          <gpxtpx:TrackPointExtension>
            <gpxtpx:hr>148</gpxtpx:hr>
          </gpxtpx:TrackPointExtension>
        </extensions>
      </trkpt>
      <trkpt lat="30.712858550036536" lon="111.29364127278274">
        <ele>0.0</ele>
        <time>2026-05-22T14:06:12Z</time>
        <extensions>
          <gpxtpx:TrackPointExtension>
            <gpxtpx:hr>148</gpxtpx:hr>
          </gpxtpx:TrackPointExtension>
        </extensions>
      </trkpt>
      <trkpt lat="30.71281053649056" lon="111.29366421844531">
        <ele>0.0</ele>
        <time>2026-05-22T14:06:13Z</time>
        <extensions>
          <gpxtpx:TrackPointExtension>
            <gpxtpx:hr>147</gpxtpx:hr>
          </gpxtpx:TrackPointExtension>
        </extensions>
      </trkpt>
      <trkpt lat="30.712768507203602" lon="111.29369514323301">
        <ele>0.0</ele>
        <time>2026-05-22T14:06:14Z</time>
        <extensions>
          <gpxtpx:TrackPointExtension>
            <gpxtpx:hr>147</gpxtpx:hr>
          </gpxtpx:TrackPointExtension>
        </extensions>
      </trkpt>
      <trkpt lat="30.712734475617665" lon="111.29372506985331">
        <ele>0.0</ele>
        <time>2026-05-22T14:06:15Z</time>
        <extensions>
          <gpxtpx:TrackPointExtension>
            <gpxtpx:hr>146</gpxtpx:hr>
          </gpxtpx:TrackPointExtension>
        </extensions>
      </trkpt>
      <trkpt lat="30.712709438043138" lon="111.29375599313269">
        <ele>0.0</ele>
        <time>2026-05-22T14:06:16Z</time>
        <extensions>
          <gpxtpx:TrackPointExtension>
            <gpxtpx:hr>146</gpxtpx:hr>
          </gpxtpx:TrackPointExtension>
        </extensions>
      </trkpt>
      <trkpt lat="30.712696383397677" lon="111.29379389753748">
        <ele>0.0</ele>
        <time>2026-05-22T14:06:17Z</time>
        <extensions>
          <gpxtpx:TrackPointExtension>
            <gpxtpx:hr>145</gpxtpx:hr>
          </gpxtpx:TrackPointExtension>
        </extensions>
      </trkpt>
      <trkpt lat="30.712686375412286" lon="111.29380187803386">
        <ele>0.0</ele>
        <time>2026-05-22T14:06:18Z</time>
        <extensions>
          <gpxtpx:TrackPointExtension>
            <gpxtpx:hr>145</gpxtpx:hr>
          </gpxtpx:TrackPointExtension>
        </extensions>
      </trkpt>
      <trkpt lat="30.712684376382324" lon="111.2938018782062">
        <ele>0.0</ele>
        <time>2026-05-22T14:06:19Z</time>
        <extensions>
          <gpxtpx:TrackPointExtension>
            <gpxtpx:hr>144</gpxtpx:hr>
          </gpxtpx:TrackPointExtension>
        </extensions>
      </trkpt>
      <trkpt lat="30.712680378322386" lon="111.2938018785509">
        <ele>0.0</ele>
        <time>2026-05-22T14:07:14Z</time>
        <extensions>
          <gpxtpx:TrackPointExtension>
            <gpxtpx:hr>102</gpxtpx:hr>
          </gpxtpx:TrackPointExtension>
        </extensions>
      </trkpt>
      <trkpt lat="30.712680378322386" lon="111.2938018785509">
        <ele>0.0</ele>
        <time>2026-05-22T14:07:15Z</time>
        <extensions>
          <gpxtpx:TrackPointExtension>
            <gpxtpx:hr>103</gpxtpx:hr>
          </gpxtpx:TrackPointExtension>
        </extensions>
      </trkpt>
      <trkpt lat="30.712680378322386" lon="111.2938018785509">
        <ele>0.0</ele>
        <time>2026-05-22T14:07:16Z</time>
        <extensions>
          <gpxtpx:TrackPointExtension>
            <gpxtpx:hr>103</gpxtpx:hr>
          </gpxtpx:TrackPointExtension>
        </extensions>
      </trkpt>
      <trkpt lat="30.712680378322386" lon="111.2938018785509">
        <ele>0.0</ele>
        <time>2026-05-22T14:07:17Z</time>
        <extensions>
          <gpxtpx:TrackPointExtension>
            <gpxtpx:hr>105</gpxtpx:hr>
          </gpxtpx:TrackPointExtension>
        </extensions>
      </trkpt>
      <trkpt lat="30.71264828307974" lon="111.29387070559638">
        <ele>0.0</ele>
        <time>2026-05-22T14:07:18Z</time>
        <extensions>
          <gpxtpx:TrackPointExtension>
            <gpxtpx:hr>105</gpxtpx:hr>
          </gpxtpx:TrackPointExtension>
        </extensions>
      </trkpt>
      <trkpt lat="30.712623271112243" lon="111.29388566953806">
        <ele>0.0</ele>
        <time>2026-05-22T14:07:19Z</time>
        <extensions>
          <gpxtpx:TrackPointExtension>
            <gpxtpx:hr>107</gpxtpx:hr>
          </gpxtpx:TrackPointExtension>
        </extensions>
      </trkpt>
      <trkpt lat="30.712587238765682" lon="111.29391659365123">
        <ele>0.0</ele>
        <time>2026-05-22T14:07:20Z</time>
        <extensions>
          <gpxtpx:TrackPointExtension>
            <gpxtpx:hr>107</gpxtpx:hr>
          </gpxtpx:TrackPointExtension>
        </extensions>
      </trkpt>
      <trkpt lat="30.712551219258103" lon="111.29393953813455">
        <ele>0.0</ele>
        <time>2026-05-22T14:07:21Z</time>
        <extensions>
          <gpxtpx:TrackPointExtension>
            <gpxtpx:hr>112</gpxtpx:hr>
          </gpxtpx:TrackPointExtension>
        </extensions>
      </trkpt>
      <trkpt lat="30.71250717949685" lon="111.2939774450511">
        <ele>0.0</ele>
        <time>2026-05-22T14:07:22Z</time>
        <extensions>
          <gpxtpx:TrackPointExtension>
            <gpxtpx:hr>112</gpxtpx:hr>
          </gpxtpx:TrackPointExtension>
        </extensions>
      </trkpt>
      <trkpt lat="30.712461127801134" lon="111.29402333170127">
        <ele>0.0</ele>
        <time>2026-05-22T14:07:23Z</time>
        <extensions>
          <gpxtpx:TrackPointExtension>
            <gpxtpx:hr>116</gpxtpx:hr>
          </gpxtpx:TrackPointExtension>
        </extensions>
      </trkpt>
      <trkpt lat="30.712414065273318" lon="111.29407620052586">
        <ele>0.0</ele>
        <time>2026-05-22T14:07:24Z</time>
        <extensions>
          <gpxtpx:TrackPointExtension>
            <gpxtpx:hr>116</gpxtpx:hr>
          </gpxtpx:TrackPointExtension>
        </extensions>
      </trkpt>
      <trkpt lat="30.712368000589404" lon="111.29413006664734">
        <ele>0.0</ele>
        <time>2026-05-22T14:07:25Z</time>
        <extensions>
          <gpxtpx:TrackPointExtension>
            <gpxtpx:hr>124</gpxtpx:hr>
          </gpxtpx:TrackPointExtension>
        </extensions>
      </trkpt>
      <trkpt lat="30.712319925524962" lon="111.29419091499324">
        <ele>0.0</ele>
        <time>2026-05-22T14:07:26Z</time>
        <extensions>
          <gpxtpx:TrackPointExtension>
            <gpxtpx:hr>124</gpxtpx:hr>
          </gpxtpx:TrackPointExtension>
        </extensions>
      </trkpt>
      <trkpt lat="30.712272849897147" lon="111.29425176316884">
        <ele>0.0</ele>
        <time>2026-05-22T14:07:27Z</time>
        <extensions>
          <gpxtpx:TrackPointExtension>
            <gpxtpx:hr>127</gpxtpx:hr>
          </gpxtpx:TrackPointExtension>
        </extensions>
      </trkpt>
      <trkpt lat="30.712222749799622" lon="111.29432857059791">
        <ele>0.0</ele>
        <time>2026-05-22T14:07:28Z</time>
        <extensions>
          <gpxtpx:TrackPointExtension>
            <gpxtpx:hr>127</gpxtpx:hr>
          </gpxtpx:TrackPointExtension>
        </extensions>
      </trkpt>
      <trkpt lat="30.712171664615656" lon="111.29439640101421">
        <ele>0.0</ele>
        <time>2026-05-22T14:07:29Z</time>
        <extensions>
          <gpxtpx:TrackPointExtension>
            <gpxtpx:hr>130</gpxtpx:hr>
          </gpxtpx:TrackPointExtension>
        </extensions>
      </trkpt>
      <trkpt lat="30.712118578685633" lon="111.29446522893828">
        <ele>0.0</ele>
        <time>2026-05-22T14:07:30Z</time>
        <extensions>
          <gpxtpx:TrackPointExtension>
            <gpxtpx:hr>130</gpxtpx:hr>
          </gpxtpx:TrackPointExtension>
        </extensions>
      </trkpt>
      <trkpt lat="30.712066479212922" lon="111.2945420361698">
        <ele>0.0</ele>
        <time>2026-05-22T14:07:31Z</time>
        <extensions>
          <gpxtpx:TrackPointExtension>
            <gpxtpx:hr>132</gpxtpx:hr>
          </gpxtpx:TrackPointExtension>
        </extensions>
      </trkpt>
      <trkpt lat="30.712013394693745" lon="111.29460986643262">
        <ele>0.0</ele>
        <time>2026-05-22T14:07:32Z</time>
        <extensions>
          <gpxtpx:TrackPointExtension>
            <gpxtpx:hr>132</gpxtpx:hr>
          </gpxtpx:TrackPointExtension>
        </extensions>
      </trkpt>
      <trkpt lat="30.711961294988857" lon="111.294686673415">
        <ele>0.0</ele>
        <time>2026-05-22T14:07:33Z</time>
        <extensions>
          <gpxtpx:TrackPointExtension>
            <gpxtpx:hr>139</gpxtpx:hr>
          </gpxtpx:TrackPointExtension>
        </extensions>
      </trkpt>
      <trkpt lat="30.71191220670256" lon="111.29475550054624">
        <ele>0.0</ele>
        <time>2026-05-22T14:07:34Z</time>
        <extensions>
          <gpxtpx:TrackPointExtension>
            <gpxtpx:hr>139</gpxtpx:hr>
          </gpxtpx:TrackPointExtension>
        </extensions>
      </trkpt>
      <trkpt lat="30.711859108875327" lon="111.2948313099342">
        <ele>0.0</ele>
        <time>2026-05-22T14:07:35Z</time>
        <extensions>
          <gpxtpx:TrackPointExtension>
            <gpxtpx:hr>153</gpxtpx:hr>
          </gpxtpx:TrackPointExtension>
        </extensions>
      </trkpt>
      <trkpt lat="30.711800000815824" lon="111.29491509914536">
        <ele>0.0</ele>
        <time>2026-05-22T14:07:36Z</time>
        <extensions>
          <gpxtpx:TrackPointExtension>
            <gpxtpx:hr>153</gpxtpx:hr>
          </gpxtpx:TrackPointExtension>
        </extensions>
      </trkpt>
      <trkpt lat="30.711751911719155" lon="111.2949839258409">
        <ele>0.0</ele>
        <time>2026-05-22T14:07:37Z</time>
        <extensions>
          <gpxtpx:TrackPointExtension>
            <gpxtpx:hr>158</gpxtpx:hr>
          </gpxtpx:TrackPointExtension>
        </extensions>
      </trkpt>
      <trkpt lat="30.711699824461874" lon="111.29505275277647">
        <ele>0.0</ele>
        <time>2026-05-22T14:07:38Z</time>
        <extensions>
          <gpxtpx:TrackPointExtension>
            <gpxtpx:hr>158</gpxtpx:hr>
          </gpxtpx:TrackPointExtension>
        </extensions>
      </trkpt>
      <trkpt lat="30.71164874967515" lon="111.29511360012397">
        <ele>0.0</ele>
        <time>2026-05-22T14:07:39Z</time>
        <extensions>
          <gpxtpx:TrackPointExtension>
            <gpxtpx:hr>161</gpxtpx:hr>
          </gpxtpx:TrackPointExtension>
        </extensions>
      </trkpt>
      <trkpt lat="30.71160267239074" lon="111.29517444695892">
        <ele>0.0</ele>
        <time>2026-05-22T14:07:40Z</time>
        <extensions>
          <gpxtpx:TrackPointExtension>
            <gpxtpx:hr>161</gpxtpx:hr>
          </gpxtpx:TrackPointExtension>
        </extensions>
      </trkpt>
      <trkpt lat="30.71154960985644" lon="111.29522831236083">
        <ele>0.0</ele>
        <time>2026-05-22T14:07:41Z</time>
        <extensions>
          <gpxtpx:TrackPointExtension>
            <gpxtpx:hr>162</gpxtpx:hr>
          </gpxtpx:TrackPointExtension>
        </extensions>
      </trkpt>
      <trkpt lat="30.71149853484879" lon="111.29528915947365">
        <ele>0.0</ele>
        <time>2026-05-22T14:07:42Z</time>
        <extensions>
          <gpxtpx:TrackPointExtension>
            <gpxtpx:hr>162</gpxtpx:hr>
          </gpxtpx:TrackPointExtension>
        </extensions>
      </trkpt>
      <trkpt lat="30.711456466861247" lon="111.29534302379196">
        <ele>0.0</ele>
        <time>2026-05-22T14:07:43Z</time>
        <extensions>
          <gpxtpx:TrackPointExtension>
            <gpxtpx:hr>163</gpxtpx:hr>
          </gpxtpx:TrackPointExtension>
        </extensions>
      </trkpt>
      <trkpt lat="30.711408390257926" lon="111.29540387049356">
        <ele>0.0</ele>
        <time>2026-05-22T14:07:44Z</time>
        <extensions>
          <gpxtpx:TrackPointExtension>
            <gpxtpx:hr>163</gpxtpx:hr>
          </gpxtpx:TrackPointExtension>
        </extensions>
      </trkpt>
      <trkpt lat="30.711364336218388" lon="111.29544975551086">
        <ele>0.0</ele>
        <time>2026-05-22T14:07:45Z</time>
        <extensions>
          <gpxtpx:TrackPointExtension>
            <gpxtpx:hr>165</gpxtpx:hr>
          </gpxtpx:TrackPointExtension>
        </extensions>
      </trkpt>
      <trkpt lat="30.71132425561009" lon="111.29551060138132">
        <ele>0.0</ele>
        <time>2026-05-22T14:07:46Z</time>
        <extensions>
          <gpxtpx:TrackPointExtension>
            <gpxtpx:hr>167</gpxtpx:hr>
          </gpxtpx:TrackPointExtension>
        </extensions>
      </trkpt>
      <trkpt lat="30.711284174926835" lon="111.29557144717134">
        <ele>0.0</ele>
        <time>2026-05-22T14:07:47Z</time>
        <extensions>
          <gpxtpx:TrackPointExtension>
            <gpxtpx:hr>168</gpxtpx:hr>
          </gpxtpx:TrackPointExtension>
        </extensions>
      </trkpt>
      <trkpt lat="30.71123710904876" lon="111.29562531158994">
        <ele>0.0</ele>
        <time>2026-05-22T14:07:48Z</time>
        <extensions>
          <gpxtpx:TrackPointExtension>
            <gpxtpx:hr>170</gpxtpx:hr>
          </gpxtpx:TrackPointExtension>
        </extensions>
      </trkpt>
      <trkpt lat="30.71119505547615" lon="111.29567019880182">
        <ele>0.0</ele>
        <time>2026-05-22T14:07:49Z</time>
        <extensions>
          <gpxtpx:TrackPointExtension>
            <gpxtpx:hr>169</gpxtpx:hr>
          </gpxtpx:TrackPointExtension>
        </extensions>
      </trkpt>
      <trkpt lat="30.71114900215425" lon="111.29571608372673">
        <ele>0.0</ele>
        <time>2026-05-22T14:07:50Z</time>
        <extensions>
          <gpxtpx:TrackPointExtension>
            <gpxtpx:hr>170</gpxtpx:hr>
          </gpxtpx:TrackPointExtension>
        </extensions>
      </trkpt>
      <trkpt lat="30.71109895072441" lon="111.29576196895118">
        <ele>0.0</ele>
        <time>2026-05-22T14:07:51Z</time>
        <extensions>
          <gpxtpx:TrackPointExtension>
            <gpxtpx:hr>170</gpxtpx:hr>
          </gpxtpx:TrackPointExtension>
        </extensions>
      </trkpt>
      <trkpt lat="30.711047886571745" lon="111.29581583349336">
        <ele>0.0</ele>
        <time>2026-05-22T14:07:52Z</time>
        <extensions>
          <gpxtpx:TrackPointExtension>
            <gpxtpx:hr>170</gpxtpx:hr>
          </gpxtpx:TrackPointExtension>
        </extensions>
      </trkpt>
      <trkpt lat="30.71100187097413" lon="111.29583877787277">
        <ele>0.0</ele>
        <time>2026-05-22T14:07:53Z</time>
        <extensions>
          <gpxtpx:TrackPointExtension>
            <gpxtpx:hr>169</gpxtpx:hr>
          </gpxtpx:TrackPointExtension>
        </extensions>
      </trkpt>
      <trkpt lat="30.71095283211791" lon="111.29587668362514">
        <ele>0.0</ele>
        <time>2026-05-22T14:07:54Z</time>
        <extensions>
          <gpxtpx:TrackPointExtension>
            <gpxtpx:hr>169</gpxtpx:hr>
          </gpxtpx:TrackPointExtension>
        </extensions>
      </trkpt>
      <trkpt lat="30.710904804279316" lon="111.29590760740818">
        <ele>0.0</ele>
        <time>2026-05-22T14:07:55Z</time>
        <extensions>
          <gpxtpx:TrackPointExtension>
            <gpxtpx:hr>170</gpxtpx:hr>
          </gpxtpx:TrackPointExtension>
        </extensions>
      </trkpt>
      <trkpt lat="30.710828829505314" lon="111.29591459581368">
        <ele>0.0</ele>
        <time>2026-05-22T14:07:56Z</time>
        <extensions>
          <gpxtpx:TrackPointExtension>
            <gpxtpx:hr>170</gpxtpx:hr>
          </gpxtpx:TrackPointExtension>
        </extensions>
      </trkpt>
      <trkpt lat="30.71075783912717" lon="111.29592956304434">
        <ele>0.0</ele>
        <time>2026-05-22T14:07:57Z</time>
        <extensions>
          <gpxtpx:TrackPointExtension>
            <gpxtpx:hr>171</gpxtpx:hr>
          </gpxtpx:TrackPointExtension>
        </extensions>
      </trkpt>
      <trkpt lat="30.710704914177445" lon="111.29589964539218">
        <ele>0.0</ele>
        <time>2026-05-22T14:07:58Z</time>
        <extensions>
          <gpxtpx:TrackPointExtension>
            <gpxtpx:hr>171</gpxtpx:hr>
          </gpxtpx:TrackPointExtension>
        </extensions>
      </trkpt>
      <trkpt lat="30.71063792186314" lon="111.29591461228274">
        <ele>0.0</ele>
        <time>2026-05-22T14:07:59Z</time>
        <extensions>
          <gpxtpx:TrackPointExtension>
            <gpxtpx:hr>170</gpxtpx:hr>
          </gpxtpx:TrackPointExtension>
        </extensions>
      </trkpt>
      <trkpt lat="30.71055992167644" lon="111.29593755937304">
        <ele>0.0</ele>
        <time>2026-05-22T14:08:00Z</time>
        <extensions>
          <gpxtpx:TrackPointExtension>
            <gpxtpx:hr>172</gpxtpx:hr>
          </gpxtpx:TrackPointExtension>
        </extensions>
      </trkpt>
      <trkpt lat="30.710480935144" lon="111.29595252728623">
        <ele>0.0</ele>
        <time>2026-05-22T14:08:01Z</time>
        <extensions>
          <gpxtpx:TrackPointExtension>
            <gpxtpx:hr>174</gpxtpx:hr>
          </gpxtpx:TrackPointExtension>
        </extensions>
      </trkpt>
      <trkpt lat="30.710402946470683" lon="111.29596849251475">
        <ele>0.0</ele>
        <time>2026-05-22T14:08:02Z</time>
        <extensions>
          <gpxtpx:TrackPointExtension>
            <gpxtpx:hr>173</gpxtpx:hr>
          </gpxtpx:TrackPointExtension>
        </extensions>
      </trkpt>
      <trkpt lat="30.710326971659484" lon="111.29597548091121">
        <ele>0.0</ele>
        <time>2026-05-22T14:08:03Z</time>
        <extensions>
          <gpxtpx:TrackPointExtension>
            <gpxtpx:hr>174</gpxtpx:hr>
          </gpxtpx:TrackPointExtension>
        </extensions>
      </trkpt>
      <trkpt lat="30.71025399374465" lon="111.29598346645395">
        <ele>0.0</ele>
        <time>2026-05-22T14:08:04Z</time>
        <extensions>
          <gpxtpx:TrackPointExtension>
            <gpxtpx:hr>174</gpxtpx:hr>
          </gpxtpx:TrackPointExtension>
        </extensions>
      </trkpt>
      <trkpt lat="30.710193036407013" lon="111.29597549246543">
        <ele>0.0</ele>
        <time>2026-05-22T14:08:05Z</time>
        <extensions>
          <gpxtpx:TrackPointExtension>
            <gpxtpx:hr>175</gpxtpx:hr>
          </gpxtpx:TrackPointExtension>
        </extensions>
      </trkpt>
      <trkpt lat="30.710138062978555" lon="111.2959754972078">
        <ele>0.0</ele>
        <time>2026-05-22T14:08:06Z</time>
        <extensions>
          <gpxtpx:TrackPointExtension>
            <gpxtpx:hr>175</gpxtpx:hr>
          </gpxtpx:TrackPointExtension>
        </extensions>
      </trkpt>
      <trkpt lat="30.71008707442615" lon="111.29598348085358">
        <ele>0.0</ele>
        <time>2026-05-22T14:08:07Z</time>
        <extensions>
          <gpxtpx:TrackPointExtension>
            <gpxtpx:hr>174</gpxtpx:hr>
          </gpxtpx:TrackPointExtension>
        </extensions>
      </trkpt>
      <trkpt lat="30.71003110147629" lon="111.29598348568219">
        <ele>0.0</ele>
        <time>2026-05-22T14:08:08Z</time>
        <extensions>
          <gpxtpx:TrackPointExtension>
            <gpxtpx:hr>174</gpxtpx:hr>
          </gpxtpx:TrackPointExtension>
        </extensions>
      </trkpt>
      <trkpt lat="30.70997612804108" lon="111.29598349042455">
        <ele>0.0</ele>
        <time>2026-05-22T14:08:09Z</time>
        <extensions>
          <gpxtpx:TrackPointExtension>
            <gpxtpx:hr>173</gpxtpx:hr>
          </gpxtpx:TrackPointExtension>
        </extensions>
      </trkpt>
      <trkpt lat="30.709922154120644" lon="111.29598349508068">
        <ele>0.0</ele>
        <time>2026-05-22T14:08:10Z</time>
        <extensions>
          <gpxtpx:TrackPointExtension>
            <gpxtpx:hr>173</gpxtpx:hr>
          </gpxtpx:TrackPointExtension>
        </extensions>
      </trkpt>
      <trkpt lat="30.70986119676766" lon="111.29597552109202">
        <ele>0.0</ele>
        <time>2026-05-22T14:08:11Z</time>
        <extensions>
          <gpxtpx:TrackPointExtension>
            <gpxtpx:hr>173</gpxtpx:hr>
          </gpxtpx:TrackPointExtension>
        </extensions>
      </trkpt>
      <trkpt lat="30.709806210135937" lon="111.2959835050827">
        <ele>0.0</ele>
        <time>2026-05-22T14:08:12Z</time>
        <extensions>
          <gpxtpx:TrackPointExtension>
            <gpxtpx:hr>171</gpxtpx:hr>
          </gpxtpx:TrackPointExtension>
        </extensions>
      </trkpt>
      <trkpt lat="30.709754222052254" lon="111.29599148881334">
        <ele>0.0</ele>
        <time>2026-05-22T14:08:13Z</time>
        <extensions>
          <gpxtpx:TrackPointExtension>
            <gpxtpx:hr>170</gpxtpx:hr>
          </gpxtpx:TrackPointExtension>
        </extensions>
      </trkpt>
      <trkpt lat="30.709697262761694" lon="111.29598351448111">
        <ele>0.0</ele>
        <time>2026-05-22T14:08:14Z</time>
        <extensions>
          <gpxtpx:TrackPointExtension>
            <gpxtpx:hr>170</gpxtpx:hr>
          </gpxtpx:TrackPointExtension>
        </extensions>
      </trkpt>
      <trkpt lat="30.709632280949066" lon="111.29599149933267">
        <ele>0.0</ele>
        <time>2026-05-22T14:08:15Z</time>
        <extensions>
          <gpxtpx:TrackPointExtension>
            <gpxtpx:hr>169</gpxtpx:hr>
          </gpxtpx:TrackPointExtension>
        </extensions>
      </trkpt>
      <trkpt lat="30.709556330823848" lon="111.29598352663862">
        <ele>0.0</ele>
        <time>2026-05-22T14:08:16Z</time>
        <extensions>
          <gpxtpx:TrackPointExtension>
            <gpxtpx:hr>169</gpxtpx:hr>
          </gpxtpx:TrackPointExtension>
        </extensions>
      </trkpt>
      <trkpt lat="30.70949137538436" lon="111.29597555299469">
        <ele>0.0</ele>
        <time>2026-05-22T14:08:17Z</time>
        <extensions>
          <gpxtpx:TrackPointExtension>
            <gpxtpx:hr>169</gpxtpx:hr>
          </gpxtpx:TrackPointExtension>
        </extensions>
      </trkpt>
      <trkpt lat="30.70941942166985" lon="111.29596857735923">
        <ele>0.0</ele>
        <time>2026-05-22T14:08:18Z</time>
        <extensions>
          <gpxtpx:TrackPointExtension>
            <gpxtpx:hr>169</gpxtpx:hr>
          </gpxtpx:TrackPointExtension>
        </extensions>
      </trkpt>
      <trkpt lat="30.709338449214414" lon="111.29597556618674">
        <ele>0.0</ele>
        <time>2026-05-22T14:08:19Z</time>
        <extensions>
          <gpxtpx:TrackPointExtension>
            <gpxtpx:hr>168</gpxtpx:hr>
          </gpxtpx:TrackPointExtension>
        </extensions>
      </trkpt>
      <trkpt lat="30.709253490223436" lon="111.29597557351562">
        <ele>0.0</ele>
        <time>2026-05-22T14:08:20Z</time>
        <extensions>
          <gpxtpx:TrackPointExtension>
            <gpxtpx:hr>168</gpxtpx:hr>
          </gpxtpx:TrackPointExtension>
        </extensions>
      </trkpt>
      <trkpt lat="30.70917249137456" lon="111.29599852083535">
        <ele>0.0</ele>
        <time>2026-05-22T14:08:21Z</time>
        <extensions>
          <gpxtpx:TrackPointExtension>
            <gpxtpx:hr>168</gpxtpx:hr>
          </gpxtpx:TrackPointExtension>
        </extensions>
      </trkpt>
      <trkpt lat="30.709085495404203" lon="111.29602146866122">
        <ele>0.0</ele>
        <time>2026-05-22T14:08:22Z</time>
        <extensions>
          <gpxtpx:TrackPointExtension>
            <gpxtpx:hr>168</gpxtpx:hr>
          </gpxtpx:TrackPointExtension>
        </extensions>
      </trkpt>
      <trkpt lat="30.708966476894982" lon="111.29606735953722">
        <ele>0.0</ele>
        <time>2026-05-22T14:08:23Z</time>
        <extensions>
          <gpxtpx:TrackPointExtension>
            <gpxtpx:hr>167</gpxtpx:hr>
          </gpxtpx:TrackPointExtension>
        </extensions>
      </trkpt>
      <trkpt lat="30.708890437602054" lon="111.29611324666091">
        <ele>0.0</ele>
        <time>2026-05-22T14:08:24Z</time>
        <extensions>
          <gpxtpx:TrackPointExtension>
            <gpxtpx:hr>167</gpxtpx:hr>
          </gpxtpx:TrackPointExtension>
        </extensions>
      </trkpt>
      <trkpt lat="30.708822394406866" lon="111.29615913305014">
        <ele>0.0</ele>
        <time>2026-05-22T14:08:25Z</time>
        <extensions>
          <gpxtpx:TrackPointExtension>
            <gpxtpx:hr>167</gpxtpx:hr>
          </gpxtpx:TrackPointExtension>
        </extensions>
      </trkpt>
      <trkpt lat="30.708753364873118" lon="111.29619704027009">
        <ele>0.0</ele>
        <time>2026-05-22T14:08:26Z</time>
        <extensions>
          <gpxtpx:TrackPointExtension>
            <gpxtpx:hr>167</gpxtpx:hr>
          </gpxtpx:TrackPointExtension>
        </extensions>
      </trkpt>
      <trkpt lat="30.708702300170874" lon="111.29625090431526">
        <ele>0.0</ele>
        <time>2026-05-22T14:08:27Z</time>
        <extensions>
          <gpxtpx:TrackPointExtension>
            <gpxtpx:hr>167</gpxtpx:hr>
          </gpxtpx:TrackPointExtension>
        </extensions>
      </trkpt>
      <trkpt lat="30.70864823851118" lon="111.29630377115862">
        <ele>0.0</ele>
        <time>2026-05-22T14:08:28Z</time>
        <extensions>
          <gpxtpx:TrackPointExtension>
            <gpxtpx:hr>167</gpxtpx:hr>
          </gpxtpx:TrackPointExtension>
        </extensions>
      </trkpt>
      <trkpt lat="30.708599172729404" lon="111.29635763490995">
        <ele>0.0</ele>
        <time>2026-05-22T14:08:29Z</time>
        <extensions>
          <gpxtpx:TrackPointExtension>
            <gpxtpx:hr>166</gpxtpx:hr>
          </gpxtpx:TrackPointExtension>
        </extensions>
      </trkpt>
      <trkpt lat="30.70853811432935" lon="111.29641050223803">
        <ele>0.0</ele>
        <time>2026-05-22T14:08:30Z</time>
        <extensions>
          <gpxtpx:TrackPointExtension>
            <gpxtpx:hr>166</gpxtpx:hr>
          </gpxtpx:TrackPointExtension>
        </extensions>
      </trkpt>
      <trkpt lat="30.708475030304662" lon="111.29647932801073">
        <ele>0.0</ele>
        <time>2026-05-22T14:08:31Z</time>
        <extensions>
          <gpxtpx:TrackPointExtension>
            <gpxtpx:hr>166</gpxtpx:hr>
          </gpxtpx:TrackPointExtension>
        </extensions>
      </trkpt>
      <trkpt lat="30.7084159708111" lon="111.29653219503139">
        <ele>0.0</ele>
        <time>2026-05-22T14:08:32Z</time>
        <extensions>
          <gpxtpx:TrackPointExtension>
            <gpxtpx:hr>166</gpxtpx:hr>
          </gpxtpx:TrackPointExtension>
        </extensions>
      </trkpt>
      <trkpt lat="30.7083569096007" lon="111.29658605938685">
        <ele>0.0</ele>
        <time>2026-05-22T14:08:33Z</time>
        <extensions>
          <gpxtpx:TrackPointExtension>
            <gpxtpx:hr>166</gpxtpx:hr>
          </gpxtpx:TrackPointExtension>
        </extensions>
      </trkpt>
      <trkpt lat="30.708300860177804" lon="111.29663194428512">
        <ele>0.0</ele>
        <time>2026-05-22T14:08:34Z</time>
        <extensions>
          <gpxtpx:TrackPointExtension>
            <gpxtpx:hr>166</gpxtpx:hr>
          </gpxtpx:TrackPointExtension>
        </extensions>
      </trkpt>
      <trkpt lat="30.708243786259057" lon="111.29669279009406">
        <ele>0.0</ele>
        <time>2026-05-22T14:08:35Z</time>
        <extensions>
          <gpxtpx:TrackPointExtension>
            <gpxtpx:hr>166</gpxtpx:hr>
          </gpxtpx:TrackPointExtension>
        </extensions>
      </trkpt>
      <trkpt lat="30.708199706005917" lon="111.29675363470488">
        <ele>0.0</ele>
        <time>2026-05-22T14:08:36Z</time>
        <extensions>
          <gpxtpx:TrackPointExtension>
            <gpxtpx:hr>166</gpxtpx:hr>
          </gpxtpx:TrackPointExtension>
        </extensions>
      </trkpt>
      <trkpt lat="30.70815261380655" lon="111.29682245860523">
        <ele>0.0</ele>
        <time>2026-05-22T14:08:37Z</time>
        <extensions>
          <gpxtpx:TrackPointExtension>
            <gpxtpx:hr>165</gpxtpx:hr>
          </gpxtpx:TrackPointExtension>
        </extensions>
      </trkpt>
      <trkpt lat="30.708110532436763" lon="111.29688330287999">
        <ele>0.0</ele>
        <time>2026-05-22T14:08:38Z</time>
        <extensions>
          <gpxtpx:TrackPointExtension>
            <gpxtpx:hr>165</gpxtpx:hr>
          </gpxtpx:TrackPointExtension>
        </extensions>
      </trkpt>
      <trkpt lat="30.708076458813217" lon="111.29693716468674">
        <ele>0.0</ele>
        <time>2026-05-22T14:08:39Z</time>
        <extensions>
          <gpxtpx:TrackPointExtension>
            <gpxtpx:hr>165</gpxtpx:hr>
          </gpxtpx:TrackPointExtension>
        </extensions>
      </trkpt>
      <trkpt lat="30.708022408108103" lon="111.2969830490787">
        <ele>0.0</ele>
        <time>2026-05-22T14:08:40Z</time>
        <extensions>
          <gpxtpx:TrackPointExtension>
            <gpxtpx:hr>165</gpxtpx:hr>
          </gpxtpx:TrackPointExtension>
        </extensions>
      </trkpt>
      <trkpt lat="30.70798035158343" lon="111.29702893239244">
        <ele>0.0</ele>
        <time>2026-05-22T14:08:41Z</time>
        <extensions>
          <gpxtpx:TrackPointExtension>
            <gpxtpx:hr>165</gpxtpx:hr>
          </gpxtpx:TrackPointExtension>
        </extensions>
      </trkpt>
      <trkpt lat="30.707944293798715" lon="111.29707381776224">
        <ele>0.0</ele>
        <time>2026-05-22T14:08:42Z</time>
        <extensions>
          <gpxtpx:TrackPointExtension>
            <gpxtpx:hr>165</gpxtpx:hr>
          </gpxtpx:TrackPointExtension>
        </extensions>
      </trkpt>
      <trkpt lat="30.707916242146545" lon="111.29711271810666">
        <ele>0.0</ele>
        <time>2026-05-22T14:08:43Z</time>
        <extensions>
          <gpxtpx:TrackPointExtension>
            <gpxtpx:hr>164</gpxtpx:hr>
          </gpxtpx:TrackPointExtension>
        </extensions>
      </trkpt>
      <trkpt lat="30.707883207911753" lon="111.29714264241598">
        <ele>0.0</ele>
        <time>2026-05-22T14:08:44Z</time>
        <extensions>
          <gpxtpx:TrackPointExtension>
            <gpxtpx:hr>164</gpxtpx:hr>
          </gpxtpx:TrackPointExtension>
        </extensions>
      </trkpt>
      <trkpt lat="30.707853157170558" lon="111.2971815428781">
        <ele>0.0</ele>
        <time>2026-05-22T14:08:45Z</time>
        <extensions>
          <gpxtpx:TrackPointExtension>
            <gpxtpx:hr>164</gpxtpx:hr>
          </gpxtpx:TrackPointExtension>
        </extensions>
      </trkpt>
      <trkpt lat="30.707820134600848" lon="111.2972044854821">
        <ele>0.0</ele>
        <time>2026-05-22T14:08:46Z</time>
        <extensions>
          <gpxtpx:TrackPointExtension>
            <gpxtpx:hr>164</gpxtpx:hr>
          </gpxtpx:TrackPointExtension>
        </extensions>
      </trkpt>
      <trkpt lat="30.707792097905404" lon="111.29723440930412">
        <ele>0.0</ele>
        <time>2026-05-22T14:08:47Z</time>
        <extensions>
          <gpxtpx:TrackPointExtension>
            <gpxtpx:hr>163</gpxtpx:hr>
          </gpxtpx:TrackPointExtension>
        </extensions>
      </trkpt>
      <trkpt lat="30.707769070498433" lon="111.29725735102089">
        <ele>0.0</ele>
        <time>2026-05-22T14:08:48Z</time>
        <extensions>
          <gpxtpx:TrackPointExtension>
            <gpxtpx:hr>163</gpxtpx:hr>
          </gpxtpx:TrackPointExtension>
        </extensions>
      </trkpt>
      <trkpt lat="30.707746043081187" lon="111.29728029272694">
        <ele>0.0</ele>
        <time>2026-05-22T14:08:49Z</time>
        <extensions>
          <gpxtpx:TrackPointExtension>
            <gpxtpx:hr>163</gpxtpx:hr>
          </gpxtpx:TrackPointExtension>
        </extensions>
      </trkpt>
      <trkpt lat="30.70772301565367" lon="111.29730323442229">
        <ele>0.0</ele>
        <time>2026-05-22T14:08:50Z</time>
        <extensions>
          <gpxtpx:TrackPointExtension>
            <gpxtpx:hr>162</gpxtpx:hr>
          </gpxtpx:TrackPointExtension>
        </extensions>
      </trkpt>
      <trkpt lat="30.707704011405045" lon="111.2973112150887">
        <ele>0.0</ele>
        <time>2026-05-22T14:08:51Z</time>
        <extensions>
          <gpxtpx:TrackPointExtension>
            <gpxtpx:hr>162</gpxtpx:hr>
          </gpxtpx:TrackPointExtension>
        </extensions>
      </trkpt>
      <trkpt lat="30.70768498203858" lon="111.29733415642463">
        <ele>0.0</ele>
        <time>2026-05-22T14:08:52Z</time>
        <extensions>
          <gpxtpx:TrackPointExtension>
            <gpxtpx:hr>162</gpxtpx:hr>
          </gpxtpx:TrackPointExtension>
        </extensions>
      </trkpt>
      <trkpt lat="30.707663967023773" lon="111.29734911890223">
        <ele>0.0</ele>
        <time>2026-05-22T14:08:53Z</time>
        <extensions>
          <gpxtpx:TrackPointExtension>
            <gpxtpx:hr>161</gpxtpx:hr>
          </gpxtpx:TrackPointExtension>
        </extensions>
      </trkpt>
      <trkpt lat="30.70764095296685" lon="111.29736408154783">
        <ele>0.0</ele>
        <time>2026-05-22T14:08:54Z</time>
        <extensions>
          <gpxtpx:TrackPointExtension>
            <gpxtpx:hr>161</gpxtpx:hr>
          </gpxtpx:TrackPointExtension>
        </extensions>
      </trkpt>
      <trkpt lat="30.7076219235768" lon="111.29738702285916">
        <ele>0.0</ele>
        <time>2026-05-22T14:08:55Z</time>
        <extensions>
          <gpxtpx:TrackPointExtension>
            <gpxtpx:hr>161</gpxtpx:hr>
          </gpxtpx:TrackPointExtension>
        </extensions>
      </trkpt>
      <trkpt lat="30.707608891289592" lon="111.2974099636423">
        <ele>0.0</ele>
        <time>2026-05-22T14:08:56Z</time>
        <extensions>
          <gpxtpx:TrackPointExtension>
            <gpxtpx:hr>160</gpxtpx:hr>
          </gpxtpx:TrackPointExtension>
        </extensions>
      </trkpt>
      <trkpt lat="30.707579841542866" lon="111.29744786643118">
        <ele>0.0</ele>
        <time>2026-05-22T14:08:58Z</time>
        <extensions>
          <gpxtpx:TrackPointExtension>
            <gpxtpx:hr>160</gpxtpx:hr>
          </gpxtpx:TrackPointExtension>
        </extensions>
      </trkpt>
      <trkpt lat="30.70756481019151" lon="111.2974708073586">
        <ele>0.0</ele>
        <time>2026-05-22T14:08:59Z</time>
        <extensions>
          <gpxtpx:TrackPointExtension>
            <gpxtpx:hr>161</gpxtpx:hr>
          </gpxtpx:TrackPointExtension>
        </extensions>
      </trkpt>
      <trkpt lat="30.707547804953375" lon="111.29747878782544">
        <ele>0.0</ele>
        <time>2026-05-22T14:09:00Z</time>
        <extensions>
          <gpxtpx:TrackPointExtension>
            <gpxtpx:hr>161</gpxtpx:hr>
          </gpxtpx:TrackPointExtension>
        </extensions>
      </trkpt>
      <trkpt lat="30.707547804953375" lon="111.29747878782544">
        <ele>0.0</ele>
        <time>2026-05-22T14:09:01Z</time>
        <extensions>
          <gpxtpx:TrackPointExtension>
            <gpxtpx:hr>161</gpxtpx:hr>
          </gpxtpx:TrackPointExtension>
        </extensions>
      </trkpt>
      <trkpt lat="30.707505736239597" lon="111.29753165229398">
        <ele>0.0</ele>
        <time>2026-05-22T14:09:02Z</time>
        <extensions>
          <gpxtpx:TrackPointExtension>
            <gpxtpx:hr>161</gpxtpx:hr>
          </gpxtpx:TrackPointExtension>
        </extensions>
      </trkpt>
      <trkpt lat="30.707484707738157" lon="111.29755459370017">
        <ele>0.0</ele>
        <time>2026-05-22T14:09:03Z</time>
        <extensions>
          <gpxtpx:TrackPointExtension>
            <gpxtpx:hr>161</gpxtpx:hr>
          </gpxtpx:TrackPointExtension>
        </extensions>
      </trkpt>
      <trkpt lat="30.707463690979765" lon="111.29757055348432">
        <ele>0.0</ele>
        <time>2026-05-22T14:09:04Z</time>
        <extensions>
          <gpxtpx:TrackPointExtension>
            <gpxtpx:hr>161</gpxtpx:hr>
          </gpxtpx:TrackPointExtension>
        </extensions>
      </trkpt>
      <trkpt lat="30.707442675895557" lon="111.29758551589053">
        <ele>0.0</ele>
        <time>2026-05-22T14:09:05Z</time>
        <extensions>
          <gpxtpx:TrackPointExtension>
            <gpxtpx:hr>162</gpxtpx:hr>
          </gpxtpx:TrackPointExtension>
        </extensions>
      </trkpt>
      <trkpt lat="30.707417662730997" lon="111.29760047863729">
        <ele>0.0</ele>
        <time>2026-05-22T14:09:06Z</time>
        <extensions>
          <gpxtpx:TrackPointExtension>
            <gpxtpx:hr>162</gpxtpx:hr>
          </gpxtpx:TrackPointExtension>
        </extensions>
      </trkpt>
      <trkpt lat="30.70739863323684" lon="111.29762341983923">
        <ele>0.0</ele>
        <time>2026-05-22T14:09:07Z</time>
        <extensions>
          <gpxtpx:TrackPointExtension>
            <gpxtpx:hr>162</gpxtpx:hr>
          </gpxtpx:TrackPointExtension>
        </extensions>
      </trkpt>
      <trkpt lat="30.707375605656665" lon="111.29764636137563">
        <ele>0.0</ele>
        <time>2026-05-22T14:09:08Z</time>
        <extensions>
          <gpxtpx:TrackPointExtension>
            <gpxtpx:hr>162</gpxtpx:hr>
          </gpxtpx:TrackPointExtension>
        </extensions>
      </trkpt>
      <trkpt lat="30.707354590550043" lon="111.2976613237591">
        <ele>0.0</ele>
        <time>2026-05-22T14:09:09Z</time>
        <extensions>
          <gpxtpx:TrackPointExtension>
            <gpxtpx:hr>162</gpxtpx:hr>
          </gpxtpx:TrackPointExtension>
        </extensions>
      </trkpt>
      <trkpt lat="30.70733256247205" lon="111.29768426519182">
        <ele>0.0</ele>
        <time>2026-05-22T14:09:10Z</time>
        <extensions>
          <gpxtpx:TrackPointExtension>
            <gpxtpx:hr>162</gpxtpx:hr>
          </gpxtpx:TrackPointExtension>
        </extensions>
      </trkpt>
      <trkpt lat="30.707311545672923" lon="111.29770022493447">
        <ele>0.0</ele>
        <time>2026-05-22T14:09:11Z</time>
        <extensions>
          <gpxtpx:TrackPointExtension>
            <gpxtpx:hr>162</gpxtpx:hr>
          </gpxtpx:TrackPointExtension>
        </extensions>
      </trkpt>
      <trkpt lat="30.707294503400195" lon="111.29773014750806">
        <ele>0.0</ele>
        <time>2026-05-22T14:09:12Z</time>
        <extensions>
          <gpxtpx:TrackPointExtension>
            <gpxtpx:hr>161</gpxtpx:hr>
          </gpxtpx:TrackPointExtension>
        </extensions>
      </trkpt>
      <trkpt lat="30.70728247048282" lon="111.29775308804655">
        <ele>0.0</ele>
        <time>2026-05-22T14:09:13Z</time>
        <extensions>
          <gpxtpx:TrackPointExtension>
            <gpxtpx:hr>161</gpxtpx:hr>
          </gpxtpx:TrackPointExtension>
        </extensions>
      </trkpt>
      <trkpt lat="30.707267438998382" lon="111.29777602883331">
        <ele>0.0</ele>
        <time>2026-05-22T14:09:14Z</time>
        <extensions>
          <gpxtpx:TrackPointExtension>
            <gpxtpx:hr>161</gpxtpx:hr>
          </gpxtpx:TrackPointExtension>
        </extensions>
      </trkpt>
      <trkpt lat="30.70724242577784" lon="111.29779099152307">
        <ele>0.0</ele>
        <time>2026-05-22T14:09:15Z</time>
        <extensions>
          <gpxtpx:TrackPointExtension>
            <gpxtpx:hr>161</gpxtpx:hr>
          </gpxtpx:TrackPointExtension>
        </extensions>
      </trkpt>
      <trkpt lat="30.70721541183115" lon="111.29780695174932">
        <ele>0.0</ele>
        <time>2026-05-22T14:09:16Z</time>
        <extensions>
          <gpxtpx:TrackPointExtension>
            <gpxtpx:hr>162</gpxtpx:hr>
          </gpxtpx:TrackPointExtension>
        </extensions>
      </trkpt>
      <trkpt lat="30.707189385612693" lon="111.29782989346037">
        <ele>0.0</ele>
        <time>2026-05-22T14:09:17Z</time>
        <extensions>
          <gpxtpx:TrackPointExtension>
            <gpxtpx:hr>162</gpxtpx:hr>
          </gpxtpx:TrackPointExtension>
        </extensions>
      </trkpt>
      <trkpt lat="30.707160360826553" lon="111.29785283541977">
        <ele>0.0</ele>
        <time>2026-05-22T14:09:18Z</time>
        <extensions>
          <gpxtpx:TrackPointExtension>
            <gpxtpx:hr>161</gpxtpx:hr>
          </gpxtpx:TrackPointExtension>
        </extensions>
      </trkpt>
      <trkpt lat="30.707128337472543" lon="111.29787577762751">
        <ele>0.0</ele>
        <time>2026-05-22T14:09:19Z</time>
        <extensions>
          <gpxtpx:TrackPointExtension>
            <gpxtpx:hr>161</gpxtpx:hr>
          </gpxtpx:TrackPointExtension>
        </extensions>
      </trkpt>
      <trkpt lat="30.707097315312296" lon="111.29789772237193">
        <ele>0.0</ele>
        <time>2026-05-22T14:09:20Z</time>
        <extensions>
          <gpxtpx:TrackPointExtension>
            <gpxtpx:hr>162</gpxtpx:hr>
          </gpxtpx:TrackPointExtension>
        </extensions>
      </trkpt>
      <trkpt lat="30.70706326593078" lon="111.29793662258767">
        <ele>0.0</ele>
        <time>2026-05-22T14:09:21Z</time>
        <extensions>
          <gpxtpx:TrackPointExtension>
            <gpxtpx:hr>162</gpxtpx:hr>
          </gpxtpx:TrackPointExtension>
        </extensions>
      </trkpt>
      <trkpt lat="30.707025220130006" lon="111.2979745257534">
        <ele>0.0</ele>
        <time>2026-05-22T14:09:22Z</time>
        <extensions>
          <gpxtpx:TrackPointExtension>
            <gpxtpx:hr>162</gpxtpx:hr>
          </gpxtpx:TrackPointExtension>
        </extensions>
      </trkpt>
      <trkpt lat="30.706991184188073" lon="111.2980054469948">
        <ele>0.0</ele>
        <time>2026-05-22T14:09:23Z</time>
        <extensions>
          <gpxtpx:TrackPointExtension>
            <gpxtpx:hr>164</gpxtpx:hr>
          </gpxtpx:TrackPointExtension>
        </extensions>
      </trkpt>
      <trkpt lat="30.70694315664474" lon="111.29803537206121">
        <ele>0.0</ele>
        <time>2026-05-22T14:09:24Z</time>
        <extensions>
          <gpxtpx:TrackPointExtension>
            <gpxtpx:hr>164</gpxtpx:hr>
          </gpxtpx:TrackPointExtension>
        </extensions>
      </trkpt>
      <trkpt lat="30.706895127395285" lon="111.29806629447326">
        <ele>0.0</ele>
        <time>2026-05-22T14:09:25Z</time>
        <extensions>
          <gpxtpx:TrackPointExtension>
            <gpxtpx:hr>166</gpxtpx:hr>
          </gpxtpx:TrackPointExtension>
        </extensions>
      </trkpt>
      <trkpt lat="30.706846112115525" lon="111.29808923805079">
        <ele>0.0</ele>
        <time>2026-05-22T14:09:26Z</time>
        <extensions>
          <gpxtpx:TrackPointExtension>
            <gpxtpx:hr>168</gpxtpx:hr>
          </gpxtpx:TrackPointExtension>
        </extensions>
      </trkpt>
      <trkpt lat="30.70679209922713" lon="111.29811218204934">
        <ele>0.0</ele>
        <time>2026-05-22T14:09:27Z</time>
        <extensions>
          <gpxtpx:TrackPointExtension>
            <gpxtpx:hr>169</gpxtpx:hr>
          </gpxtpx:TrackPointExtension>
        </extensions>
      </trkpt>
      <trkpt lat="30.7067540532972" lon="111.29815008508385">
        <ele>0.0</ele>
        <time>2026-05-22T14:09:28Z</time>
        <extensions>
          <gpxtpx:TrackPointExtension>
            <gpxtpx:hr>170</gpxtpx:hr>
          </gpxtpx:TrackPointExtension>
        </extensions>
      </trkpt>
      <trkpt lat="30.706708011184023" lon="111.29818798878031">
        <ele>0.0</ele>
        <time>2026-05-22T14:09:29Z</time>
        <extensions>
          <gpxtpx:TrackPointExtension>
            <gpxtpx:hr>171</gpxtpx:hr>
          </gpxtpx:TrackPointExtension>
        </extensions>
      </trkpt>
      <trkpt lat="30.706662968562732" lon="111.29822589236234">
        <ele>0.0</ele>
        <time>2026-05-22T14:09:30Z</time>
        <extensions>
          <gpxtpx:TrackPointExtension>
            <gpxtpx:hr>172</gpxtpx:hr>
          </gpxtpx:TrackPointExtension>
        </extensions>
      </trkpt>
      <trkpt lat="30.706624909017382" lon="111.2982717741869">
        <ele>0.0</ele>
        <time>2026-05-22T14:09:31Z</time>
        <extensions>
          <gpxtpx:TrackPointExtension>
            <gpxtpx:hr>172</gpxtpx:hr>
          </gpxtpx:TrackPointExtension>
        </extensions>
      </trkpt>
      <trkpt lat="30.706584850393675" lon="111.29831765614284">
        <ele>0.0</ele>
        <time>2026-05-22T14:09:32Z</time>
        <extensions>
          <gpxtpx:TrackPointExtension>
            <gpxtpx:hr>173</gpxtpx:hr>
          </gpxtpx:TrackPointExtension>
        </extensions>
      </trkpt>
      <trkpt lat="30.70654779028967" lon="111.29836353779883">
        <ele>0.0</ele>
        <time>2026-05-22T14:09:33Z</time>
        <extensions>
          <gpxtpx:TrackPointExtension>
            <gpxtpx:hr>174</gpxtpx:hr>
          </gpxtpx:TrackPointExtension>
        </extensions>
      </trkpt>
      <trkpt lat="30.706507745141046" lon="111.29840144081948">
        <ele>0.0</ele>
        <time>2026-05-22T14:09:34Z</time>
        <extensions>
          <gpxtpx:TrackPointExtension>
            <gpxtpx:hr>174</gpxtpx:hr>
          </gpxtpx:TrackPointExtension>
        </extensions>
      </trkpt>
      <trkpt lat="30.706467711828346" lon="111.29843236231979">
        <ele>0.0</ele>
        <time>2026-05-22T14:09:35Z</time>
        <extensions>
          <gpxtpx:TrackPointExtension>
            <gpxtpx:hr>175</gpxtpx:hr>
          </gpxtpx:TrackPointExtension>
        </extensions>
      </trkpt>
      <trkpt lat="30.706427680192448" lon="111.298462286446">
        <ele>0.0</ele>
        <time>2026-05-22T14:09:36Z</time>
        <extensions>
          <gpxtpx:TrackPointExtension>
            <gpxtpx:hr>175</gpxtpx:hr>
          </gpxtpx:TrackPointExtension>
        </extensions>
      </trkpt>
      <trkpt lat="30.706393630395564" lon="111.29850118623105">
        <ele>0.0</ele>
        <time>2026-05-22T14:09:37Z</time>
        <extensions>
          <gpxtpx:TrackPointExtension>
            <gpxtpx:hr>174</gpxtpx:hr>
          </gpxtpx:TrackPointExtension>
        </extensions>
      </trkpt>
      <trkpt lat="30.706359582267247" lon="111.29853908863272">
        <ele>0.0</ele>
        <time>2026-05-22T14:09:38Z</time>
        <extensions>
          <gpxtpx:TrackPointExtension>
            <gpxtpx:hr>175</gpxtpx:hr>
          </gpxtpx:TrackPointExtension>
        </extensions>
      </trkpt>
      <trkpt lat="30.706324534592547" lon="111.29857699109289">
        <ele>0.0</ele>
        <time>2026-05-22T14:09:39Z</time>
        <extensions>
          <gpxtpx:TrackPointExtension>
            <gpxtpx:hr>175</gpxtpx:hr>
          </gpxtpx:TrackPointExtension>
        </extensions>
      </trkpt>
      <trkpt lat="30.706246441305897" lon="111.29865379397212">
        <ele>0.0</ele>
        <time>2026-05-22T14:09:41Z</time>
        <extensions>
          <gpxtpx:TrackPointExtension>
            <gpxtpx:hr>177</gpxtpx:hr>
          </gpxtpx:TrackPointExtension>
        </extensions>
      </trkpt>
      <trkpt lat="30.706201398351674" lon="111.29869169721131">
        <ele>0.0</ele>
        <time>2026-05-22T14:09:42Z</time>
        <extensions>
          <gpxtpx:TrackPointExtension>
            <gpxtpx:hr>176</gpxtpx:hr>
          </gpxtpx:TrackPointExtension>
        </extensions>
      </trkpt>
      <trkpt lat="30.706151371369675" lon="111.29872162205062">
        <ele>0.0</ele>
        <time>2026-05-22T14:09:43Z</time>
        <extensions>
          <gpxtpx:TrackPointExtension>
            <gpxtpx:hr>177</gpxtpx:hr>
          </gpxtpx:TrackPointExtension>
        </extensions>
      </trkpt>
      <trkpt lat="30.706107353391587" lon="111.29874456490475">
        <ele>0.0</ele>
        <time>2026-05-22T14:09:44Z</time>
        <extensions>
          <gpxtpx:TrackPointExtension>
            <gpxtpx:hr>176</gpxtpx:hr>
          </gpxtpx:TrackPointExtension>
        </extensions>
      </trkpt>
      <trkpt lat="30.70606134826655" lon="111.29876052647326">
        <ele>0.0</ele>
        <time>2026-05-22T14:09:45Z</time>
        <extensions>
          <gpxtpx:TrackPointExtension>
            <gpxtpx:hr>177</gpxtpx:hr>
          </gpxtpx:TrackPointExtension>
        </extensions>
      </trkpt>
      <trkpt lat="30.70600834819584" lon="111.29877549129145">
        <ele>0.0</ele>
        <time>2026-05-22T14:09:46Z</time>
        <extensions>
          <gpxtpx:TrackPointExtension>
            <gpxtpx:hr>177</gpxtpx:hr>
          </gpxtpx:TrackPointExtension>
        </extensions>
      </trkpt>
      <trkpt lat="30.70596234475959" lon="111.29879045550135">
        <ele>0.0</ele>
        <time>2026-05-22T14:09:47Z</time>
        <extensions>
          <gpxtpx:TrackPointExtension>
            <gpxtpx:hr>178</gpxtpx:hr>
          </gpxtpx:TrackPointExtension>
        </extensions>
      </trkpt>
      <trkpt lat="30.70592032578736" lon="111.29881339815273">
        <ele>0.0</ele>
        <time>2026-05-22T14:09:48Z</time>
        <extensions>
          <gpxtpx:TrackPointExtension>
            <gpxtpx:hr>178</gpxtpx:hr>
          </gpxtpx:TrackPointExtension>
        </extensions>
      </trkpt>
      <trkpt lat="30.705876321378263" lon="111.29882836217924">
        <ele>0.0</ele>
        <time>2026-05-22T14:09:49Z</time>
        <extensions>
          <gpxtpx:TrackPointExtension>
            <gpxtpx:hr>179</gpxtpx:hr>
          </gpxtpx:TrackPointExtension>
        </extensions>
      </trkpt>
      <trkpt lat="30.705831315741577" lon="111.29884432363598">
        <ele>0.0</ele>
        <time>2026-05-22T14:09:50Z</time>
        <extensions>
          <gpxtpx:TrackPointExtension>
            <gpxtpx:hr>179</gpxtpx:hr>
          </gpxtpx:TrackPointExtension>
        </extensions>
      </trkpt>
      <trkpt lat="30.705791323019476" lon="111.29885130852456">
        <ele>0.0</ele>
        <time>2026-05-22T14:09:51Z</time>
        <extensions>
          <gpxtpx:TrackPointExtension>
            <gpxtpx:hr>180</gpxtpx:hr>
          </gpxtpx:TrackPointExtension>
        </extensions>
      </trkpt>
      <trkpt lat="30.705745317853136" lon="111.29886727006063">
        <ele>0.0</ele>
        <time>2026-05-22T14:09:52Z</time>
        <extensions>
          <gpxtpx:TrackPointExtension>
            <gpxtpx:hr>180</gpxtpx:hr>
          </gpxtpx:TrackPointExtension>
        </extensions>
      </trkpt>
      <trkpt lat="30.705699328003885" lon="111.29887425546393">
        <ele>0.0</ele>
        <time>2026-05-22T14:09:53Z</time>
        <extensions>
          <gpxtpx:TrackPointExtension>
            <gpxtpx:hr>180</gpxtpx:hr>
          </gpxtpx:TrackPointExtension>
        </extensions>
      </trkpt>
      <trkpt lat="30.705653322827832" lon="111.29889021699306">
        <ele>0.0</ele>
        <time>2026-05-22T14:09:54Z</time>
        <extensions>
          <gpxtpx:TrackPointExtension>
            <gpxtpx:hr>181</gpxtpx:hr>
          </gpxtpx:TrackPointExtension>
        </extensions>
      </trkpt>
      <trkpt lat="30.70560631982836" lon="111.2989051812566">
        <ele>0.0</ele>
        <time>2026-05-22T14:09:55Z</time>
        <extensions>
          <gpxtpx:TrackPointExtension>
            <gpxtpx:hr>181</gpxtpx:hr>
          </gpxtpx:TrackPointExtension>
        </extensions>
      </trkpt>
      <trkpt lat="30.70556431442518" lon="111.29892014508444">
        <ele>0.0</ele>
        <time>2026-05-22T14:09:56Z</time>
        <extensions>
          <gpxtpx:TrackPointExtension>
            <gpxtpx:hr>180</gpxtpx:hr>
          </gpxtpx:TrackPointExtension>
        </extensions>
      </trkpt>
      <trkpt lat="30.705516298265056" lon="111.29894308819702">
        <ele>0.0</ele>
        <time>2026-05-22T14:09:57Z</time>
        <extensions>
          <gpxtpx:TrackPointExtension>
            <gpxtpx:hr>180</gpxtpx:hr>
          </gpxtpx:TrackPointExtension>
        </extensions>
      </trkpt>
      <trkpt lat="30.705478290930802" lon="111.29895805166895">
        <ele>0.0</ele>
        <time>2026-05-22T14:09:58Z</time>
        <extensions>
          <gpxtpx:TrackPointExtension>
            <gpxtpx:hr>181</gpxtpx:hr>
          </gpxtpx:TrackPointExtension>
        </extensions>
      </trkpt>
      <trkpt lat="30.705440281887252" lon="111.29897401248236">
        <ele>0.0</ele>
        <time>2026-05-22T14:09:59Z</time>
        <extensions>
          <gpxtpx:TrackPointExtension>
            <gpxtpx:hr>181</gpxtpx:hr>
          </gpxtpx:TrackPointExtension>
        </extensions>
      </trkpt>
      <trkpt lat="30.70540127502213" lon="111.29898897603181">
        <ele>0.0</ele>
        <time>2026-05-22T14:10:00Z</time>
        <extensions>
          <gpxtpx:TrackPointExtension>
            <gpxtpx:hr>180</gpxtpx:hr>
          </gpxtpx:TrackPointExtension>
        </extensions>
      </trkpt>
      <trkpt lat="30.705365278646543" lon="111.29899695790145">
        <ele>0.0</ele>
        <time>2026-05-22T14:10:01Z</time>
        <extensions>
          <gpxtpx:TrackPointExtension>
            <gpxtpx:hr>181</gpxtpx:hr>
          </gpxtpx:TrackPointExtension>
        </extensions>
      </trkpt>
      <trkpt lat="30.705327284932494" lon="111.29900394259731">
        <ele>0.0</ele>
        <time>2026-05-22T14:10:02Z</time>
        <extensions>
          <gpxtpx:TrackPointExtension>
            <gpxtpx:hr>181</gpxtpx:hr>
          </gpxtpx:TrackPointExtension>
        </extensions>
      </trkpt>
      <trkpt lat="30.70528928951157" lon="111.29901192463727">
        <ele>0.0</ele>
        <time>2026-05-22T14:10:03Z</time>
        <extensions>
          <gpxtpx:TrackPointExtension>
            <gpxtpx:hr>180</gpxtpx:hr>
          </gpxtpx:TrackPointExtension>
        </extensions>
      </trkpt>
      <trkpt lat="30.70525129408842" lon="111.29901990667605">
        <ele>0.0</ele>
        <time>2026-05-22T14:10:04Z</time>
        <extensions>
          <gpxtpx:TrackPointExtension>
            <gpxtpx:hr>180</gpxtpx:hr>
          </gpxtpx:TrackPointExtension>
        </extensions>
      </trkpt>
      <trkpt lat="30.7052202833708" lon="111.29903486952219">
        <ele>0.0</ele>
        <time>2026-05-22T14:10:05Z</time>
        <extensions>
          <gpxtpx:TrackPointExtension>
            <gpxtpx:hr>180</gpxtpx:hr>
          </gpxtpx:TrackPointExtension>
        </extensions>
      </trkpt>
      <trkpt lat="30.705188273127835" lon="111.2990498324504">
        <ele>0.0</ele>
        <time>2026-05-22T14:10:06Z</time>
        <extensions>
          <gpxtpx:TrackPointExtension>
            <gpxtpx:hr>179</gpxtpx:hr>
          </gpxtpx:TrackPointExtension>
        </extensions>
      </trkpt>
      <trkpt lat="30.705159273382737" lon="111.29905781370682">
        <ele>0.0</ele>
        <time>2026-05-22T14:10:07Z</time>
        <extensions>
          <gpxtpx:TrackPointExtension>
            <gpxtpx:hr>179</gpxtpx:hr>
          </gpxtpx:TrackPointExtension>
        </extensions>
      </trkpt>
      <trkpt lat="30.70513127315659" lon="111.29906579487576">
        <ele>0.0</ele>
        <time>2026-05-22T14:10:08Z</time>
        <extensions>
          <gpxtpx:TrackPointExtension>
            <gpxtpx:hr>179</gpxtpx:hr>
          </gpxtpx:TrackPointExtension>
        </extensions>
      </trkpt>
      <trkpt lat="30.705098277031002" lon="111.2990727791311">
        <ele>0.0</ele>
        <time>2026-05-22T14:10:09Z</time>
        <extensions>
          <gpxtpx:TrackPointExtension>
            <gpxtpx:hr>178</gpxtpx:hr>
          </gpxtpx:TrackPointExtension>
        </extensions>
      </trkpt>
      <trkpt lat="30.705060307183633" lon="111.29906580100267">
        <ele>0.0</ele>
        <time>2026-05-22T14:10:10Z</time>
        <extensions>
          <gpxtpx:TrackPointExtension>
            <gpxtpx:hr>178</gpxtpx:hr>
          </gpxtpx:TrackPointExtension>
        </extensions>
      </trkpt>
      <trkpt lat="30.705024324435307" lon="111.29906580410926">
        <ele>0.0</ele>
        <time>2026-05-22T14:10:11Z</time>
        <extensions>
          <gpxtpx:TrackPointExtension>
            <gpxtpx:hr>179</gpxtpx:hr>
          </gpxtpx:TrackPointExtension>
        </extensions>
      </trkpt>
      <trkpt lat="30.70498634264432" lon="111.29906580738844">
        <ele>0.0</ele>
        <time>2026-05-22T14:10:12Z</time>
        <extensions>
          <gpxtpx:TrackPointExtension>
            <gpxtpx:hr>178</gpxtpx:hr>
          </gpxtpx:TrackPointExtension>
        </extensions>
      </trkpt>
      <trkpt lat="30.704946361810507" lon="111.2990658108402">
        <ele>0.0</ele>
        <time>2026-05-22T14:10:13Z</time>
        <extensions>
          <gpxtpx:TrackPointExtension>
            <gpxtpx:hr>179</gpxtpx:hr>
          </gpxtpx:TrackPointExtension>
        </extensions>
      </trkpt>
      <trkpt lat="30.704905369513117" lon="111.2990727957859">
        <ele>0.0</ele>
        <time>2026-05-22T14:10:14Z</time>
        <extensions>
          <gpxtpx:TrackPointExtension>
            <gpxtpx:hr>178</gpxtpx:hr>
          </gpxtpx:TrackPointExtension>
        </extensions>
      </trkpt>
      <trkpt lat="30.70486239011404" lon="111.29907279949654">
        <ele>0.0</ele>
        <time>2026-05-22T14:10:15Z</time>
        <extensions>
          <gpxtpx:TrackPointExtension>
            <gpxtpx:hr>179</gpxtpx:hr>
          </gpxtpx:TrackPointExtension>
        </extensions>
      </trkpt>
      <trkpt lat="30.70482039658608" lon="111.29908078187137">
        <ele>0.0</ele>
        <time>2026-05-22T14:10:16Z</time>
        <extensions>
          <gpxtpx:TrackPointExtension>
            <gpxtpx:hr>178</gpxtpx:hr>
          </gpxtpx:TrackPointExtension>
        </extensions>
      </trkpt>
      <trkpt lat="30.704778404761896" lon="111.29908776690142">
        <ele>0.0</ele>
        <time>2026-05-22T14:10:17Z</time>
        <extensions>
          <gpxtpx:TrackPointExtension>
            <gpxtpx:hr>179</gpxtpx:hr>
          </gpxtpx:TrackPointExtension>
        </extensions>
      </trkpt>
      <trkpt lat="30.704734412187083" lon="111.29909574944661">
        <ele>0.0</ele>
        <time>2026-05-22T14:10:18Z</time>
        <extensions>
          <gpxtpx:TrackPointExtension>
            <gpxtpx:hr>179</gpxtpx:hr>
          </gpxtpx:TrackPointExtension>
        </extensions>
      </trkpt>
      <trkpt lat="30.704692418651778" lon="111.29910373181801">
        <ele>0.0</ele>
        <time>2026-05-22T14:10:19Z</time>
        <extensions>
          <gpxtpx:TrackPointExtension>
            <gpxtpx:hr>179</gpxtpx:hr>
          </gpxtpx:TrackPointExtension>
        </extensions>
      </trkpt>
      <trkpt lat="30.704650413166938" lon="111.29911869558985">
        <ele>0.0</ele>
        <time>2026-05-22T14:10:20Z</time>
        <extensions>
          <gpxtpx:TrackPointExtension>
            <gpxtpx:hr>180</gpxtpx:hr>
          </gpxtpx:TrackPointExtension>
        </extensions>
      </trkpt>
      <trkpt lat="30.70461640384577" lon="111.29913365866713">
        <ele>0.0</ele>
        <time>2026-05-22T14:10:21Z</time>
        <extensions>
          <gpxtpx:TrackPointExtension>
            <gpxtpx:hr>180</gpxtpx:hr>
          </gpxtpx:TrackPointExtension>
        </extensions>
      </trkpt>
      <trkpt lat="30.704575423479426" lon="111.29913366220521">
        <ele>0.0</ele>
        <time>2026-05-22T14:10:22Z</time>
        <extensions>
          <gpxtpx:TrackPointExtension>
            <gpxtpx:hr>180</gpxtpx:hr>
          </gpxtpx:TrackPointExtension>
        </extensions>
      </trkpt>
      <trkpt lat="30.704537453624205" lon="111.29912668408473">
        <ele>0.0</ele>
        <time>2026-05-22T14:10:23Z</time>
        <extensions>
          <gpxtpx:TrackPointExtension>
            <gpxtpx:hr>180</gpxtpx:hr>
          </gpxtpx:TrackPointExtension>
        </extensions>
      </trkpt>
      <trkpt lat="30.70449547373416" lon="111.29912668770908">
        <ele>0.0</ele>
        <time>2026-05-22T14:10:24Z</time>
        <extensions>
          <gpxtpx:TrackPointExtension>
            <gpxtpx:hr>181</gpxtpx:hr>
          </gpxtpx:TrackPointExtension>
        </extensions>
      </trkpt>
      <trkpt lat="30.7044515084551" lon="111.29911871276236">
        <ele>0.0</ele>
        <time>2026-05-22T14:10:25Z</time>
        <extensions>
          <gpxtpx:TrackPointExtension>
            <gpxtpx:hr>181</gpxtpx:hr>
          </gpxtpx:TrackPointExtension>
        </extensions>
      </trkpt>
      <trkpt lat="30.70440655559825" lon="111.299103756498">
        <ele>0.0</ele>
        <time>2026-05-22T14:10:26Z</time>
        <extensions>
          <gpxtpx:TrackPointExtension>
            <gpxtpx:hr>181</gpxtpx:hr>
          </gpxtpx:TrackPointExtension>
        </extensions>
      </trkpt>
      <trkpt lat="30.7043695733105" lon="111.29910375969084">
        <ele>0.0</ele>
        <time>2026-05-22T14:10:27Z</time>
        <extensions>
          <gpxtpx:TrackPointExtension>
            <gpxtpx:hr>182</gpxtpx:hr>
          </gpxtpx:TrackPointExtension>
        </extensions>
      </trkpt>
      <trkpt lat="30.704333604194655" lon="111.29909578405024">
        <ele>0.0</ele>
        <time>2026-05-22T14:10:28Z</time>
        <extensions>
          <gpxtpx:TrackPointExtension>
            <gpxtpx:hr>182</gpxtpx:hr>
          </gpxtpx:TrackPointExtension>
        </extensions>
      </trkpt>
      <trkpt lat="30.704297635076692" lon="111.29908780840843">
        <ele>0.0</ele>
        <time>2026-05-22T14:10:29Z</time>
        <extensions>
          <gpxtpx:TrackPointExtension>
            <gpxtpx:hr>181</gpxtpx:hr>
          </gpxtpx:TrackPointExtension>
        </extensions>
      </trkpt>
      <trkpt lat="30.704259653264447" lon="111.29908781168753">
        <ele>0.0</ele>
        <time>2026-05-22T14:10:30Z</time>
        <extensions>
          <gpxtpx:TrackPointExtension>
            <gpxtpx:hr>181</gpxtpx:hr>
          </gpxtpx:TrackPointExtension>
        </extensions>
      </trkpt>
      <trkpt lat="30.704219672408254" lon="111.29908781513922">
        <ele>0.0</ele>
        <time>2026-05-22T14:10:31Z</time>
        <extensions>
          <gpxtpx:TrackPointExtension>
            <gpxtpx:hr>182</gpxtpx:hr>
          </gpxtpx:TrackPointExtension>
        </extensions>
      </trkpt>
      <trkpt lat="30.704178692029366" lon="111.29908781867718">
        <ele>0.0</ele>
        <time>2026-05-22T14:10:32Z</time>
        <extensions>
          <gpxtpx:TrackPointExtension>
            <gpxtpx:hr>182</gpxtpx:hr>
          </gpxtpx:TrackPointExtension>
        </extensions>
      </trkpt>
      <trkpt lat="30.704140710213636" lon="111.29908782195628">
        <ele>0.0</ele>
        <time>2026-05-22T14:10:33Z</time>
        <extensions>
          <gpxtpx:TrackPointExtension>
            <gpxtpx:hr>182</gpxtpx:hr>
          </gpxtpx:TrackPointExtension>
        </extensions>
      </trkpt>
      <trkpt lat="30.704100729353772" lon="111.29908782540794">
        <ele>0.0</ele>
        <time>2026-05-22T14:10:34Z</time>
        <extensions>
          <gpxtpx:TrackPointExtension>
            <gpxtpx:hr>183</gpxtpx:hr>
          </gpxtpx:TrackPointExtension>
        </extensions>
      </trkpt>
      <trkpt lat="30.704064746578837" lon="111.29908782851443">
        <ele>0.0</ele>
        <time>2026-05-22T14:10:35Z</time>
        <extensions>
          <gpxtpx:TrackPointExtension>
            <gpxtpx:hr>183</gpxtpx:hr>
          </gpxtpx:TrackPointExtension>
        </extensions>
      </trkpt>
      <trkpt lat="30.70402877574619" lon="111.29908085021506">
        <ele>0.0</ele>
        <time>2026-05-22T14:10:36Z</time>
        <extensions>
          <gpxtpx:TrackPointExtension>
            <gpxtpx:hr>183</gpxtpx:hr>
          </gpxtpx:TrackPointExtension>
        </extensions>
      </trkpt>
      <trkpt lat="30.70399379249085" lon="111.29908085323525">
        <ele>0.0</ele>
        <time>2026-05-22T14:10:37Z</time>
        <extensions>
          <gpxtpx:TrackPointExtension>
            <gpxtpx:hr>182</gpxtpx:hr>
          </gpxtpx:TrackPointExtension>
        </extensions>
      </trkpt>
      <trkpt lat="30.703957809712946" lon="111.29908085634173">
        <ele>0.0</ele>
        <time>2026-05-22T14:10:38Z</time>
        <extensions>
          <gpxtpx:TrackPointExtension>
            <gpxtpx:hr>182</gpxtpx:hr>
          </gpxtpx:TrackPointExtension>
        </extensions>
      </trkpt>
      <trkpt lat="30.703919841539157" lon="111.29907288087009">
        <ele>0.0</ele>
        <time>2026-05-22T14:10:39Z</time>
        <extensions>
          <gpxtpx:TrackPointExtension>
            <gpxtpx:hr>183</gpxtpx:hr>
          </gpxtpx:TrackPointExtension>
        </extensions>
      </trkpt>
      <trkpt lat="30.703879860672476" lon="111.2990728843217">
        <ele>0.0</ele>
        <time>2026-05-22T14:10:40Z</time>
        <extensions>
          <gpxtpx:TrackPointExtension>
            <gpxtpx:hr>183</gpxtpx:hr>
          </gpxtpx:TrackPointExtension>
        </extensions>
      </trkpt>
      <trkpt lat="30.703841878847985" lon="111.29907288760073">
        <ele>0.0</ele>
        <time>2026-05-22T14:10:41Z</time>
        <extensions>
          <gpxtpx:TrackPointExtension>
            <gpxtpx:hr>184</gpxtpx:hr>
          </gpxtpx:TrackPointExtension>
        </extensions>
      </trkpt>
      <trkpt lat="30.703803897022382" lon="111.29907289087976">
        <ele>0.0</ele>
        <time>2026-05-22T14:10:42Z</time>
        <extensions>
          <gpxtpx:TrackPointExtension>
            <gpxtpx:hr>183</gpxtpx:hr>
          </gpxtpx:TrackPointExtension>
        </extensions>
      </trkpt>
      <trkpt lat="30.703764902025476" lon="111.2990808729958">
        <ele>0.0</ele>
        <time>2026-05-22T14:10:43Z</time>
        <extensions>
          <gpxtpx:TrackPointExtension>
            <gpxtpx:hr>183</gpxtpx:hr>
          </gpxtpx:TrackPointExtension>
        </extensions>
      </trkpt>
      <trkpt lat="30.703728919241215" lon="111.29908087610225">
        <ele>0.0</ele>
        <time>2026-05-22T14:10:44Z</time>
        <extensions>
          <gpxtpx:TrackPointExtension>
            <gpxtpx:hr>182</gpxtpx:hr>
          </gpxtpx:TrackPointExtension>
        </extensions>
      </trkpt>
      <trkpt lat="30.7036909374123" lon="111.29908087938126">
        <ele>0.0</ele>
        <time>2026-05-22T14:10:45Z</time>
        <extensions>
          <gpxtpx:TrackPointExtension>
            <gpxtpx:hr>183</gpxtpx:hr>
          </gpxtpx:TrackPointExtension>
        </extensions>
      </trkpt>
      <trkpt lat="30.703654968274392" lon="111.29907290373696">
        <ele>0.0</ele>
        <time>2026-05-22T14:10:46Z</time>
        <extensions>
          <gpxtpx:TrackPointExtension>
            <gpxtpx:hr>183</gpxtpx:hr>
          </gpxtpx:TrackPointExtension>
        </extensions>
      </trkpt>
      <trkpt lat="30.70361598692142" lon="111.29907290710224">
        <ele>0.0</ele>
        <time>2026-05-22T14:10:47Z</time>
        <extensions>
          <gpxtpx:TrackPointExtension>
            <gpxtpx:hr>183</gpxtpx:hr>
          </gpxtpx:TrackPointExtension>
        </extensions>
      </trkpt>
      <trkpt lat="30.703580017780318" lon="111.29906493145668">
        <ele>0.0</ele>
        <time>2026-05-22T14:10:48Z</time>
        <extensions>
          <gpxtpx:TrackPointExtension>
            <gpxtpx:hr>183</gpxtpx:hr>
          </gpxtpx:TrackPointExtension>
        </extensions>
      </trkpt>
      <trkpt lat="30.703544034990916" lon="111.29906493456309">
        <ele>0.0</ele>
        <time>2026-05-22T14:10:49Z</time>
        <extensions>
          <gpxtpx:TrackPointExtension>
            <gpxtpx:hr>182</gpxtpx:hr>
          </gpxtpx:TrackPointExtension>
        </extensions>
      </trkpt>
      <trkpt lat="30.70350805220051" lon="111.29906493766948">
        <ele>0.0</ele>
        <time>2026-05-22T14:10:50Z</time>
        <extensions>
          <gpxtpx:TrackPointExtension>
            <gpxtpx:hr>182</gpxtpx:hr>
          </gpxtpx:TrackPointExtension>
        </extensions>
      </trkpt>
      <trkpt lat="30.703470082305582" lon="111.29905795953945">
        <ele>0.0</ele>
        <time>2026-05-22T14:10:51Z</time>
        <extensions>
          <gpxtpx:TrackPointExtension>
            <gpxtpx:hr>182</gpxtpx:hr>
          </gpxtpx:TrackPointExtension>
        </extensions>
      </trkpt>
      <trkpt lat="30.703433099991095" lon="111.29905796273212">
        <ele>0.0</ele>
        <time>2026-05-22T14:10:52Z</time>
        <extensions>
          <gpxtpx:TrackPointExtension>
            <gpxtpx:hr>182</gpxtpx:hr>
          </gpxtpx:TrackPointExtension>
        </extensions>
      </trkpt>
      <trkpt lat="30.703397117197607" lon="111.2990579658385">
        <ele>0.0</ele>
        <time>2026-05-22T14:10:53Z</time>
        <extensions>
          <gpxtpx:TrackPointExtension>
            <gpxtpx:hr>183</gpxtpx:hr>
          </gpxtpx:TrackPointExtension>
        </extensions>
      </trkpt>
      <trkpt lat="30.703363147092485" lon="111.299049990018">
        <ele>0.0</ele>
        <time>2026-05-22T14:10:54Z</time>
        <extensions>
          <gpxtpx:TrackPointExtension>
            <gpxtpx:hr>182</gpxtpx:hr>
          </gpxtpx:TrackPointExtension>
        </extensions>
      </trkpt>
      <trkpt lat="30.703338159040204" lon="111.2990499921752">
        <ele>0.0</ele>
        <time>2026-05-22T14:10:55Z</time>
        <extensions>
          <gpxtpx:TrackPointExtension>
            <gpxtpx:hr>183</gpxtpx:hr>
          </gpxtpx:TrackPointExtension>
        </extensions>
      </trkpt>
      <trkpt lat="30.70330318941029" lon="111.29904201643976">
        <ele>0.0</ele>
        <time>2026-05-22T14:10:56Z</time>
        <extensions>
          <gpxtpx:TrackPointExtension>
            <gpxtpx:hr>183</gpxtpx:hr>
          </gpxtpx:TrackPointExtension>
        </extensions>
      </trkpt>
      <trkpt lat="30.70326721855084" lon="111.29903503813401">
        <ele>0.0</ele>
        <time>2026-05-22T14:10:57Z</time>
        <extensions>
          <gpxtpx:TrackPointExtension>
            <gpxtpx:hr>183</gpxtpx:hr>
          </gpxtpx:TrackPointExtension>
        </extensions>
      </trkpt>
      <trkpt lat="30.703229236708367" lon="111.29903504141292">
        <ele>0.0</ele>
        <time>2026-05-22T14:10:58Z</time>
        <extensions>
          <gpxtpx:TrackPointExtension>
            <gpxtpx:hr>184</gpxtpx:hr>
          </gpxtpx:TrackPointExtension>
        </extensions>
      </trkpt>
      <trkpt lat="30.70318325868704" lon="111.29903504538211">
        <ele>0.0</ele>
        <time>2026-05-22T14:10:59Z</time>
        <extensions>
          <gpxtpx:TrackPointExtension>
            <gpxtpx:hr>184</gpxtpx:hr>
          </gpxtpx:TrackPointExtension>
        </extensions>
      </trkpt>
      <trkpt lat="30.70314326585994" lon="111.29904203024572">
        <ele>0.0</ele>
        <time>2026-05-22T14:11:00Z</time>
        <extensions>
          <gpxtpx:TrackPointExtension>
            <gpxtpx:hr>184</gpxtpx:hr>
          </gpxtpx:TrackPointExtension>
        </extensions>
      </trkpt>
      <trkpt lat="30.703097274191467" lon="111.29905001297047">
        <ele>0.0</ele>
        <time>2026-05-22T14:11:01Z</time>
        <extensions>
          <gpxtpx:TrackPointExtension>
            <gpxtpx:hr>184</gpxtpx:hr>
          </gpxtpx:TrackPointExtension>
        </extensions>
      </trkpt>
      <trkpt lat="30.703057293299366" lon="111.29905001642194">
        <ele>0.0</ele>
        <time>2026-05-22T14:11:02Z</time>
        <extensions>
          <gpxtpx:TrackPointExtension>
            <gpxtpx:hr>184</gpxtpx:hr>
          </gpxtpx:TrackPointExtension>
        </extensions>
      </trkpt>
      <trkpt lat="30.703015299716125" lon="111.29905799880036">
        <ele>0.0</ele>
        <time>2026-05-22T14:11:03Z</time>
        <extensions>
          <gpxtpx:TrackPointExtension>
            <gpxtpx:hr>184</gpxtpx:hr>
          </gpxtpx:TrackPointExtension>
        </extensions>
      </trkpt>
      <trkpt lat="30.702971320731958" lon="111.29905800259698">
        <ele>0.0</ele>
        <time>2026-05-22T14:11:04Z</time>
        <extensions>
          <gpxtpx:TrackPointExtension>
            <gpxtpx:hr>183</gpxtpx:hr>
          </gpxtpx:TrackPointExtension>
        </extensions>
      </trkpt>
      <trkpt lat="30.702926316636113" lon="111.29907296664113">
        <ele>0.0</ele>
        <time>2026-05-22T14:11:05Z</time>
        <extensions>
          <gpxtpx:TrackPointExtension>
            <gpxtpx:hr>183</gpxtpx:hr>
          </gpxtpx:TrackPointExtension>
        </extensions>
      </trkpt>
      <trkpt lat="30.702884311102135" lon="111.2990879304222">
        <ele>0.0</ele>
        <time>2026-05-22T14:11:06Z</time>
        <extensions>
          <gpxtpx:TrackPointExtension>
            <gpxtpx:hr>183</gpxtpx:hr>
          </gpxtpx:TrackPointExtension>
        </extensions>
      </trkpt>
      <trkpt lat="30.702838305766416" lon="111.29910389188758">
        <ele>0.0</ele>
        <time>2026-05-22T14:11:07Z</time>
        <extensions>
          <gpxtpx:TrackPointExtension>
            <gpxtpx:hr>182</gpxtpx:hr>
          </gpxtpx:TrackPointExtension>
        </extensions>
      </trkpt>
      <trkpt lat="30.702792302131403" lon="111.29911885600508">
        <ele>0.0</ele>
        <time>2026-05-22T14:11:08Z</time>
        <extensions>
          <gpxtpx:TrackPointExtension>
            <gpxtpx:hr>182</gpxtpx:hr>
          </gpxtpx:TrackPointExtension>
        </extensions>
      </trkpt>
      <trkpt lat="30.70275030852994" lon="111.29912683837321">
        <ele>0.0</ele>
        <time>2026-05-22T14:11:09Z</time>
        <extensions>
          <gpxtpx:TrackPointExtension>
            <gpxtpx:hr>182</gpxtpx:hr>
          </gpxtpx:TrackPointExtension>
        </extensions>
      </trkpt>
      <trkpt lat="30.702708291025434" lon="111.29914878353719">
        <ele>0.0</ele>
        <time>2026-05-22T14:11:10Z</time>
        <extensions>
          <gpxtpx:TrackPointExtension>
            <gpxtpx:hr>182</gpxtpx:hr>
          </gpxtpx:TrackPointExtension>
        </extensions>
      </trkpt>
      <trkpt lat="30.70266127419035" lon="111.29917172646566">
        <ele>0.0</ele>
        <time>2026-05-22T14:11:11Z</time>
        <extensions>
          <gpxtpx:TrackPointExtension>
            <gpxtpx:hr>182</gpxtpx:hr>
          </gpxtpx:TrackPointExtension>
        </extensions>
      </trkpt>
      <trkpt lat="30.702615256867027" lon="111.29919466929793">
        <ele>0.0</ele>
        <time>2026-05-22T14:11:12Z</time>
        <extensions>
          <gpxtpx:TrackPointExtension>
            <gpxtpx:hr>181</gpxtpx:hr>
          </gpxtpx:TrackPointExtension>
        </extensions>
      </trkpt>
      <trkpt lat="30.702575236669045" lon="111.29921761160259">
        <ele>0.0</ele>
        <time>2026-05-22T14:11:13Z</time>
        <extensions>
          <gpxtpx:TrackPointExtension>
            <gpxtpx:hr>181</gpxtpx:hr>
          </gpxtpx:TrackPointExtension>
        </extensions>
      </trkpt>
      <trkpt lat="30.702537215506098" lon="111.29924055372479">
        <ele>0.0</ele>
        <time>2026-05-22T14:11:14Z</time>
        <extensions>
          <gpxtpx:TrackPointExtension>
            <gpxtpx:hr>181</gpxtpx:hr>
          </gpxtpx:TrackPointExtension>
        </extensions>
      </trkpt>
      <trkpt lat="30.702493197196357" lon="111.29926349635487">
        <ele>0.0</ele>
        <time>2026-05-22T14:11:15Z</time>
        <extensions>
          <gpxtpx:TrackPointExtension>
            <gpxtpx:hr>181</gpxtpx:hr>
          </gpxtpx:TrackPointExtension>
        </extensions>
      </trkpt>
      <trkpt lat="30.702439169969914" lon="111.29929441855688">
        <ele>0.0</ele>
        <time>2026-05-22T14:11:16Z</time>
        <extensions>
          <gpxtpx:TrackPointExtension>
            <gpxtpx:hr>181</gpxtpx:hr>
          </gpxtpx:TrackPointExtension>
        </extensions>
      </trkpt>
      <trkpt lat="30.702384156884182" lon="111.29931736211306">
        <ele>0.0</ele>
        <time>2026-05-22T14:11:17Z</time>
        <extensions>
          <gpxtpx:TrackPointExtension>
            <gpxtpx:hr>181</gpxtpx:hr>
          </gpxtpx:TrackPointExtension>
        </extensions>
      </trkpt>
      <trkpt lat="30.702327132766374" lon="111.29934728720401">
        <ele>0.0</ele>
        <time>2026-05-22T14:11:18Z</time>
        <extensions>
          <gpxtpx:TrackPointExtension>
            <gpxtpx:hr>181</gpxtpx:hr>
          </gpxtpx:TrackPointExtension>
        </extensions>
      </trkpt>
      <trkpt lat="30.702266122517273" lon="111.29937023125532">
        <ele>0.0</ele>
        <time>2026-05-22T14:11:19Z</time>
        <extensions>
          <gpxtpx:TrackPointExtension>
            <gpxtpx:hr>180</gpxtpx:hr>
          </gpxtpx:TrackPointExtension>
        </extensions>
      </trkpt>
      <trkpt lat="30.702207097609225" lon="111.2994011538272">
        <ele>0.0</ele>
        <time>2026-05-22T14:11:20Z</time>
        <extensions>
          <gpxtpx:TrackPointExtension>
            <gpxtpx:hr>180</gpxtpx:hr>
          </gpxtpx:TrackPointExtension>
        </extensions>
      </trkpt>
      <trkpt lat="30.702146061649984" lon="111.29943905791394">
        <ele>0.0</ele>
        <time>2026-05-22T14:11:21Z</time>
        <extensions>
          <gpxtpx:TrackPointExtension>
            <gpxtpx:hr>180</gpxtpx:hr>
          </gpxtpx:TrackPointExtension>
        </extensions>
      </trkpt>
      <trkpt lat="30.70207904051509" lon="111.29946998113661">
        <ele>0.0</ele>
        <time>2026-05-22T14:11:22Z</time>
        <extensions>
          <gpxtpx:TrackPointExtension>
            <gpxtpx:hr>180</gpxtpx:hr>
          </gpxtpx:TrackPointExtension>
        </extensions>
      </trkpt>
      <trkpt lat="30.702009022504235" lon="111.29949990726445">
        <ele>0.0</ele>
        <time>2026-05-22T14:11:23Z</time>
        <extensions>
          <gpxtpx:TrackPointExtension>
            <gpxtpx:hr>180</gpxtpx:hr>
          </gpxtpx:TrackPointExtension>
        </extensions>
      </trkpt>
      <trkpt lat="30.701943988378353" lon="111.29953781162692">
        <ele>0.0</ele>
        <time>2026-05-22T14:11:24Z</time>
        <extensions>
          <gpxtpx:TrackPointExtension>
            <gpxtpx:hr>179</gpxtpx:hr>
          </gpxtpx:TrackPointExtension>
        </extensions>
      </trkpt>
      <trkpt lat="30.701876967180375" lon="111.299568734793">
        <ele>0.0</ele>
        <time>2026-05-22T14:11:25Z</time>
        <extensions>
          <gpxtpx:TrackPointExtension>
            <gpxtpx:hr>179</gpxtpx:hr>
          </gpxtpx:TrackPointExtension>
        </extensions>
      </trkpt>
      <trkpt lat="30.701811933002986" lon="111.29960663910722">
        <ele>0.0</ele>
        <time>2026-05-22T14:11:26Z</time>
        <extensions>
          <gpxtpx:TrackPointExtension>
            <gpxtpx:hr>179</gpxtpx:hr>
          </gpxtpx:TrackPointExtension>
        </extensions>
      </trkpt>
      <trkpt lat="30.701748909854942" lon="111.29963756188884">
        <ele>0.0</ele>
        <time>2026-05-22T14:11:27Z</time>
        <extensions>
          <gpxtpx:TrackPointExtension>
            <gpxtpx:hr>179</gpxtpx:hr>
          </gpxtpx:TrackPointExtension>
        </extensions>
      </trkpt>
      <trkpt lat="30.701683861894725" lon="111.29968344481613">
        <ele>0.0</ele>
        <time>2026-05-22T14:11:28Z</time>
        <extensions>
          <gpxtpx:TrackPointExtension>
            <gpxtpx:hr>178</gpxtpx:hr>
          </gpxtpx:TrackPointExtension>
        </extensions>
      </trkpt>
      <trkpt lat="30.701630821914254" lon="111.29972134801461">
        <ele>0.0</ele>
        <time>2026-05-22T14:11:29Z</time>
        <extensions>
          <gpxtpx:TrackPointExtension>
            <gpxtpx:hr>178</gpxtpx:hr>
          </gpxtpx:TrackPointExtension>
        </extensions>
      </trkpt>
      <trkpt lat="30.701544783889293" lon="111.29976723268352">
        <ele>0.0</ele>
        <time>2026-05-22T14:11:30Z</time>
        <extensions>
          <gpxtpx:TrackPointExtension>
            <gpxtpx:hr>178</gpxtpx:hr>
          </gpxtpx:TrackPointExtension>
        </extensions>
      </trkpt>
      <trkpt lat="30.701458745822706" lon="111.29981311731385">
        <ele>0.0</ele>
        <time>2026-05-22T14:11:31Z</time>
        <extensions>
          <gpxtpx:TrackPointExtension>
            <gpxtpx:hr>178</gpxtpx:hr>
          </gpxtpx:TrackPointExtension>
        </extensions>
      </trkpt>
      <trkpt lat="30.70138270295075" lon="111.29985900104265">
        <ele>0.0</ele>
        <time>2026-05-22T14:11:32Z</time>
        <extensions>
          <gpxtpx:TrackPointExtension>
            <gpxtpx:hr>178</gpxtpx:hr>
          </gpxtpx:TrackPointExtension>
        </extensions>
      </trkpt>
      <trkpt lat="30.701302701505945" lon="111.29988194651743">
        <ele>0.0</ele>
        <time>2026-05-22T14:11:33Z</time>
        <extensions>
          <gpxtpx:TrackPointExtension>
            <gpxtpx:hr>179</gpxtpx:hr>
          </gpxtpx:TrackPointExtension>
        </extensions>
      </trkpt>
      <trkpt lat="30.70123266947842" lon="111.2999198510454">
        <ele>0.0</ele>
        <time>2026-05-22T14:11:34Z</time>
        <extensions>
          <gpxtpx:TrackPointExtension>
            <gpxtpx:hr>179</gpxtpx:hr>
          </gpxtpx:TrackPointExtension>
        </extensions>
      </trkpt>
      <trkpt lat="30.701157639803814" lon="111.29995775597877">
        <ele>0.0</ele>
        <time>2026-05-22T14:11:35Z</time>
        <extensions>
          <gpxtpx:TrackPointExtension>
            <gpxtpx:hr>179</gpxtpx:hr>
          </gpxtpx:TrackPointExtension>
        </extensions>
      </trkpt>
      <trkpt lat="30.701087607719767" lon="111.29999566045448">
        <ele>0.0</ele>
        <time>2026-05-22T14:11:36Z</time>
        <extensions>
          <gpxtpx:TrackPointExtension>
            <gpxtpx:hr>179</gpxtpx:hr>
          </gpxtpx:TrackPointExtension>
        </extensions>
      </trkpt>
      <trkpt lat="30.701018547570136" lon="111.30004952203453">
        <ele>0.0</ele>
        <time>2026-05-22T14:11:37Z</time>
        <extensions>
          <gpxtpx:TrackPointExtension>
            <gpxtpx:hr>179</gpxtpx:hr>
          </gpxtpx:TrackPointExtension>
        </extensions>
      </trkpt>
      <trkpt lat="30.70094249242386" lon="111.30010238684122">
        <ele>0.0</ele>
        <time>2026-05-22T14:11:38Z</time>
        <extensions>
          <gpxtpx:TrackPointExtension>
            <gpxtpx:hr>179</gpxtpx:hr>
          </gpxtpx:TrackPointExtension>
        </extensions>
      </trkpt>
      <trkpt lat="30.700866421704966" lon="111.30016422751257">
        <ele>0.0</ele>
        <time>2026-05-22T14:11:39Z</time>
        <extensions>
          <gpxtpx:TrackPointExtension>
            <gpxtpx:hr>179</gpxtpx:hr>
          </gpxtpx:TrackPointExtension>
        </extensions>
      </trkpt>
      <trkpt lat="30.70078736787566" lon="111.30021709246877">
        <ele>0.0</ele>
        <time>2026-05-22T14:11:40Z</time>
        <extensions>
          <gpxtpx:TrackPointExtension>
            <gpxtpx:hr>180</gpxtpx:hr>
          </gpxtpx:TrackPointExtension>
        </extensions>
      </trkpt>
      <trkpt lat="30.70070531369589" lon="111.30027095495558">
        <ele>0.0</ele>
        <time>2026-05-22T14:11:41Z</time>
        <extensions>
          <gpxtpx:TrackPointExtension>
            <gpxtpx:hr>180</gpxtpx:hr>
          </gpxtpx:TrackPointExtension>
        </extensions>
      </trkpt>
      <trkpt lat="30.700625246419197" lon="111.30033179846392">
        <ele>0.0</ele>
        <time>2026-05-22T14:11:42Z</time>
        <extensions>
          <gpxtpx:TrackPointExtension>
            <gpxtpx:hr>180</gpxtpx:hr>
          </gpxtpx:TrackPointExtension>
        </extensions>
      </trkpt>
      <trkpt lat="30.700540195281594" lon="111.30038466377917">
        <ele>0.0</ele>
        <time>2026-05-22T14:11:43Z</time>
        <extensions>
          <gpxtpx:TrackPointExtension>
            <gpxtpx:hr>180</gpxtpx:hr>
          </gpxtpx:TrackPointExtension>
        </extensions>
      </trkpt>
      <trkpt lat="30.700456141887067" lon="111.30043852627716">
        <ele>0.0</ele>
        <time>2026-05-22T14:11:44Z</time>
        <extensions>
          <gpxtpx:TrackPointExtension>
            <gpxtpx:hr>180</gpxtpx:hr>
          </gpxtpx:TrackPointExtension>
        </extensions>
      </trkpt>
      <trkpt lat="30.70037209016904" lon="111.3004913914056">
        <ele>0.0</ele>
        <time>2026-05-22T14:11:45Z</time>
        <extensions>
          <gpxtpx:TrackPointExtension>
            <gpxtpx:hr>180</gpxtpx:hr>
          </gpxtpx:TrackPointExtension>
        </extensions>
      </trkpt>
      <trkpt lat="30.70029004956448" lon="111.30053727509205">
        <ele>0.0</ele>
        <time>2026-05-22T14:11:46Z</time>
        <extensions>
          <gpxtpx:TrackPointExtension>
            <gpxtpx:hr>180</gpxtpx:hr>
          </gpxtpx:TrackPointExtension>
        </extensions>
      </trkpt>
      <trkpt lat="30.70020599601761" lon="111.30059113744414">
        <ele>0.0</ele>
        <time>2026-05-22T14:11:47Z</time>
        <extensions>
          <gpxtpx:TrackPointExtension>
            <gpxtpx:hr>180</gpxtpx:hr>
          </gpxtpx:TrackPointExtension>
        </extensions>
      </trkpt>
      <trkpt lat="30.700119945100855" lon="111.30064400260235">
        <ele>0.0</ele>
        <time>2026-05-22T14:11:48Z</time>
        <extensions>
          <gpxtpx:TrackPointExtension>
            <gpxtpx:hr>180</gpxtpx:hr>
          </gpxtpx:TrackPointExtension>
        </extensions>
      </trkpt>
      <trkpt lat="30.700032866870334" lon="111.30071282482498">
        <ele>0.0</ele>
        <time>2026-05-22T14:11:49Z</time>
        <extensions>
          <gpxtpx:TrackPointExtension>
            <gpxtpx:hr>179</gpxtpx:hr>
          </gpxtpx:TrackPointExtension>
        </extensions>
      </trkpt>
      <trkpt lat="30.699953824651182" lon="111.30075870807326">
        <ele>0.0</ele>
        <time>2026-05-22T14:11:50Z</time>
        <extensions>
          <gpxtpx:TrackPointExtension>
            <gpxtpx:hr>179</gpxtpx:hr>
          </gpxtpx:TrackPointExtension>
        </extensions>
      </trkpt>
      <trkpt lat="30.6998687991252" lon="111.30079661330235">
        <ele>0.0</ele>
        <time>2026-05-22T14:11:51Z</time>
        <extensions>
          <gpxtpx:TrackPointExtension>
            <gpxtpx:hr>179</gpxtpx:hr>
          </gpxtpx:TrackPointExtension>
        </extensions>
      </trkpt>
      <trkpt lat="30.699786758258554" lon="111.30084249674232">
        <ele>0.0</ele>
        <time>2026-05-22T14:11:52Z</time>
        <extensions>
          <gpxtpx:TrackPointExtension>
            <gpxtpx:hr>179</gpxtpx:hr>
          </gpxtpx:TrackPointExtension>
        </extensions>
      </trkpt>
      <trkpt lat="30.69970571687728" lon="111.30088838005922">
        <ele>0.0</ele>
        <time>2026-05-22T14:11:53Z</time>
        <extensions>
          <gpxtpx:TrackPointExtension>
            <gpxtpx:hr>179</gpxtpx:hr>
          </gpxtpx:TrackPointExtension>
        </extensions>
      </trkpt>
      <trkpt lat="30.699627687929638" lon="111.30092628459829">
        <ele>0.0</ele>
        <time>2026-05-22T14:11:54Z</time>
        <extensions>
          <gpxtpx:TrackPointExtension>
            <gpxtpx:hr>180</gpxtpx:hr>
          </gpxtpx:TrackPointExtension>
        </extensions>
      </trkpt>
      <trkpt lat="30.69955161629203" lon="111.30098812436712">
        <ele>0.0</ele>
        <time>2026-05-22T14:11:55Z</time>
        <extensions>
          <gpxtpx:TrackPointExtension>
            <gpxtpx:hr>179</gpxtpx:hr>
          </gpxtpx:TrackPointExtension>
        </extensions>
      </trkpt>
      <trkpt lat="30.699475574151883" lon="111.30103300982775">
        <ele>0.0</ele>
        <time>2026-05-22T14:11:56Z</time>
        <extensions>
          <gpxtpx:TrackPointExtension>
            <gpxtpx:hr>180</gpxtpx:hr>
          </gpxtpx:TrackPointExtension>
        </extensions>
      </trkpt>
      <trkpt lat="30.6993975311847" lon="111.30107889273387">
        <ele>0.0</ele>
        <time>2026-05-22T14:11:57Z</time>
        <extensions>
          <gpxtpx:TrackPointExtension>
            <gpxtpx:hr>179</gpxtpx:hr>
          </gpxtpx:TrackPointExtension>
        </extensions>
      </trkpt>
      <trkpt lat="30.699320499886383" lon="111.30111779436857">
        <ele>0.0</ele>
        <time>2026-05-22T14:11:58Z</time>
        <extensions>
          <gpxtpx:TrackPointExtension>
            <gpxtpx:hr>180</gpxtpx:hr>
          </gpxtpx:TrackPointExtension>
        </extensions>
      </trkpt>
      <trkpt lat="30.699244457638628" lon="111.30116267972868">
        <ele>0.0</ele>
        <time>2026-05-22T14:11:59Z</time>
        <extensions>
          <gpxtpx:TrackPointExtension>
            <gpxtpx:hr>179</gpxtpx:hr>
          </gpxtpx:TrackPointExtension>
        </extensions>
      </trkpt>
      <trkpt lat="30.699160417409527" lon="111.30120856305031">
        <ele>0.0</ele>
        <time>2026-05-22T14:12:00Z</time>
        <extensions>
          <gpxtpx:TrackPointExtension>
            <gpxtpx:hr>179</gpxtpx:hr>
          </gpxtpx:TrackPointExtension>
        </extensions>
      </trkpt>
      <trkpt lat="30.699080375242776" lon="111.30125444599048">
        <ele>0.0</ele>
        <time>2026-05-22T14:12:01Z</time>
        <extensions>
          <gpxtpx:TrackPointExtension>
            <gpxtpx:hr>179</gpxtpx:hr>
          </gpxtpx:TrackPointExtension>
        </extensions>
      </trkpt>
      <trkpt lat="30.699002305938453" lon="111.30131528827842">
        <ele>0.0</ele>
        <time>2026-05-22T14:12:02Z</time>
        <extensions>
          <gpxtpx:TrackPointExtension>
            <gpxtpx:hr>178</gpxtpx:hr>
          </gpxtpx:TrackPointExtension>
        </extensions>
      </trkpt>
      <trkpt lat="30.698924262734597" lon="111.30136117096217">
        <ele>0.0</ele>
        <time>2026-05-22T14:12:03Z</time>
        <extensions>
          <gpxtpx:TrackPointExtension>
            <gpxtpx:hr>178</gpxtpx:hr>
          </gpxtpx:TrackPointExtension>
        </extensions>
      </trkpt>
      <trkpt lat="30.69884821854362" lon="111.30140705343737">
        <ele>0.0</ele>
        <time>2026-05-22T14:12:04Z</time>
        <extensions>
          <gpxtpx:TrackPointExtension>
            <gpxtpx:hr>178</gpxtpx:hr>
          </gpxtpx:TrackPointExtension>
        </extensions>
      </trkpt>
      <trkpt lat="30.69876920192031" lon="111.30143797661444">
        <ele>0.0</ele>
        <time>2026-05-22T14:12:05Z</time>
        <extensions>
          <gpxtpx:TrackPointExtension>
            <gpxtpx:hr>178</gpxtpx:hr>
          </gpxtpx:TrackPointExtension>
        </extensions>
      </trkpt>
      <trkpt lat="30.69869915481837" lon="111.30148385851174">
        <ele>0.0</ele>
        <time>2026-05-22T14:12:06Z</time>
        <extensions>
          <gpxtpx:TrackPointExtension>
            <gpxtpx:hr>178</gpxtpx:hr>
          </gpxtpx:TrackPointExtension>
        </extensions>
      </trkpt>
      <trkpt lat="30.6986251235504" lon="111.30152176231825">
        <ele>0.0</ele>
        <time>2026-05-22T14:12:07Z</time>
        <extensions>
          <gpxtpx:TrackPointExtension>
            <gpxtpx:hr>179</gpxtpx:hr>
          </gpxtpx:TrackPointExtension>
        </extensions>
      </trkpt>
      <trkpt lat="30.69854408159567" lon="111.30156764510028">
        <ele>0.0</ele>
        <time>2026-05-22T14:12:08Z</time>
        <extensions>
          <gpxtpx:TrackPointExtension>
            <gpxtpx:hr>179</gpxtpx:hr>
          </gpxtpx:TrackPointExtension>
        </extensions>
      </trkpt>
      <trkpt lat="30.69847203533554" lon="111.30161352706972">
        <ele>0.0</ele>
        <time>2026-05-22T14:12:09Z</time>
        <extensions>
          <gpxtpx:TrackPointExtension>
            <gpxtpx:hr>179</gpxtpx:hr>
          </gpxtpx:TrackPointExtension>
        </extensions>
      </trkpt>
      <trkpt lat="30.698399976795653" lon="111.30166639008799">
        <ele>0.0</ele>
        <time>2026-05-22T14:12:10Z</time>
        <extensions>
          <gpxtpx:TrackPointExtension>
            <gpxtpx:hr>179</gpxtpx:hr>
          </gpxtpx:TrackPointExtension>
        </extensions>
      </trkpt>
      <trkpt lat="30.698328956225946" lon="111.3016973124391">
        <ele>0.0</ele>
        <time>2026-05-22T14:12:11Z</time>
        <extensions>
          <gpxtpx:TrackPointExtension>
            <gpxtpx:hr>180</gpxtpx:hr>
          </gpxtpx:TrackPointExtension>
        </extensions>
      </trkpt>
      <trkpt lat="30.69825091270382" lon="111.30174319482667">
        <ele>0.0</ele>
        <time>2026-05-22T14:12:12Z</time>
        <extensions>
          <gpxtpx:TrackPointExtension>
            <gpxtpx:hr>180</gpxtpx:hr>
          </gpxtpx:TrackPointExtension>
        </extensions>
      </trkpt>
      <trkpt lat="30.69817288315071" lon="111.30178109881335">
        <ele>0.0</ele>
        <time>2026-05-22T14:12:13Z</time>
        <extensions>
          <gpxtpx:TrackPointExtension>
            <gpxtpx:hr>180</gpxtpx:hr>
          </gpxtpx:TrackPointExtension>
        </extensions>
      </trkpt>
      <trkpt lat="30.698097852148894" lon="111.30181900251704">
        <ele>0.0</ele>
        <time>2026-05-22T14:12:14Z</time>
        <extensions>
          <gpxtpx:TrackPointExtension>
            <gpxtpx:hr>179</gpxtpx:hr>
          </gpxtpx:TrackPointExtension>
        </extensions>
      </trkpt>
      <trkpt lat="30.6980198348049" lon="111.30184992539384">
        <ele>0.0</ele>
        <time>2026-05-22T14:12:15Z</time>
        <extensions>
          <gpxtpx:TrackPointExtension>
            <gpxtpx:hr>179</gpxtpx:hr>
          </gpxtpx:TrackPointExtension>
        </extensions>
      </trkpt>
      <trkpt lat="30.697945803279698" lon="111.30188782896778">
        <ele>0.0</ele>
        <time>2026-05-22T14:12:16Z</time>
        <extensions>
          <gpxtpx:TrackPointExtension>
            <gpxtpx:hr>178</gpxtpx:hr>
          </gpxtpx:TrackPointExtension>
        </extensions>
      </trkpt>
      <trkpt lat="30.69786977267514" lon="111.30192573269059">
        <ele>0.0</ele>
        <time>2026-05-22T14:12:17Z</time>
        <extensions>
          <gpxtpx:TrackPointExtension>
            <gpxtpx:hr>178</gpxtpx:hr>
          </gpxtpx:TrackPointExtension>
        </extensions>
      </trkpt>
      <trkpt lat="30.69779473981653" lon="111.301964633596">
        <ele>0.0</ele>
        <time>2026-05-22T14:12:18Z</time>
        <extensions>
          <gpxtpx:TrackPointExtension>
            <gpxtpx:hr>177</gpxtpx:hr>
          </gpxtpx:TrackPointExtension>
        </extensions>
      </trkpt>
      <trkpt lat="30.697720708210735" lon="111.30200253709795">
        <ele>0.0</ele>
        <time>2026-05-22T14:12:19Z</time>
        <extensions>
          <gpxtpx:TrackPointExtension>
            <gpxtpx:hr>177</gpxtpx:hr>
          </gpxtpx:TrackPointExtension>
        </extensions>
      </trkpt>
      <trkpt lat="30.697640665380316" lon="111.30204841942562">
        <ele>0.0</ele>
        <time>2026-05-22T14:12:20Z</time>
        <extensions>
          <gpxtpx:TrackPointExtension>
            <gpxtpx:hr>176</gpxtpx:hr>
          </gpxtpx:TrackPointExtension>
        </extensions>
      </trkpt>
      <trkpt lat="30.697565634189882" lon="111.30208632296159">
        <ele>0.0</ele>
        <time>2026-05-22T14:12:21Z</time>
        <extensions>
          <gpxtpx:TrackPointExtension>
            <gpxtpx:hr>177</gpxtpx:hr>
          </gpxtpx:TrackPointExtension>
        </extensions>
      </trkpt>
      <trkpt lat="30.697493587503605" lon="111.30213220453517">
        <ele>0.0</ele>
        <time>2026-05-22T14:12:22Z</time>
        <extensions>
          <gpxtpx:TrackPointExtension>
            <gpxtpx:hr>177</gpxtpx:hr>
          </gpxtpx:TrackPointExtension>
        </extensions>
      </trkpt>
      <trkpt lat="30.69742155483572" lon="111.30217010775993">
        <ele>0.0</ele>
        <time>2026-05-22T14:12:23Z</time>
        <extensions>
          <gpxtpx:TrackPointExtension>
            <gpxtpx:hr>177</gpxtpx:hr>
          </gpxtpx:TrackPointExtension>
        </extensions>
      </trkpt>
      <trkpt lat="30.697348508555443" lon="111.30221598935687">
        <ele>0.0</ele>
        <time>2026-05-22T14:12:24Z</time>
        <extensions>
          <gpxtpx:TrackPointExtension>
            <gpxtpx:hr>176</gpxtpx:hr>
          </gpxtpx:TrackPointExtension>
        </extensions>
      </trkpt>
      <trkpt lat="30.697270478669708" lon="111.30225389304788">
        <ele>0.0</ele>
        <time>2026-05-22T14:12:25Z</time>
        <extensions>
          <gpxtpx:TrackPointExtension>
            <gpxtpx:hr>176</gpxtpx:hr>
          </gpxtpx:TrackPointExtension>
        </extensions>
      </trkpt>
      <trkpt lat="30.69719444781098" lon="111.30229179654275">
        <ele>0.0</ele>
        <time>2026-05-22T14:12:26Z</time>
        <extensions>
          <gpxtpx:TrackPointExtension>
            <gpxtpx:hr>175</gpxtpx:hr>
          </gpxtpx:TrackPointExtension>
        </extensions>
      </trkpt>
      <trkpt lat="30.697114417058753" lon="111.30233069764645">
        <ele>0.0</ele>
        <time>2026-05-22T14:12:27Z</time>
        <extensions>
          <gpxtpx:TrackPointExtension>
            <gpxtpx:hr>175</gpxtpx:hr>
          </gpxtpx:TrackPointExtension>
        </extensions>
      </trkpt>
      <trkpt lat="30.69703338851125" lon="111.30236860152587">
        <ele>0.0</ele>
        <time>2026-05-22T14:12:28Z</time>
        <extensions>
          <gpxtpx:TrackPointExtension>
            <gpxtpx:hr>174</gpxtpx:hr>
          </gpxtpx:TrackPointExtension>
        </extensions>
      </trkpt>
      <trkpt lat="30.69695935662622" lon="111.3024065047775">
        <ele>0.0</ele>
        <time>2026-05-22T14:12:29Z</time>
        <extensions>
          <gpxtpx:TrackPointExtension>
            <gpxtpx:hr>174</gpxtpx:hr>
          </gpxtpx:TrackPointExtension>
        </extensions>
      </trkpt>
      <trkpt lat="30.696887323769307" lon="111.30244440783316">
        <ele>0.0</ele>
        <time>2026-05-22T14:12:30Z</time>
        <extensions>
          <gpxtpx:TrackPointExtension>
            <gpxtpx:hr>174</gpxtpx:hr>
          </gpxtpx:TrackPointExtension>
        </extensions>
      </trkpt>
      <trkpt lat="30.69681628865215" lon="111.30248330806357">
        <ele>0.0</ele>
        <time>2026-05-22T14:12:31Z</time>
        <extensions>
          <gpxtpx:TrackPointExtension>
            <gpxtpx:hr>173</gpxtpx:hr>
          </gpxtpx:TrackPointExtension>
        </extensions>
      </trkpt>
      <trkpt lat="30.69674624246221" lon="111.30252819188479">
        <ele>0.0</ele>
        <time>2026-05-22T14:12:32Z</time>
        <extensions>
          <gpxtpx:TrackPointExtension>
            <gpxtpx:hr>173</gpxtpx:hr>
          </gpxtpx:TrackPointExtension>
        </extensions>
      </trkpt>
      <trkpt lat="30.69667722044458" lon="111.30255911362613">
        <ele>0.0</ele>
        <time>2026-05-22T14:12:33Z</time>
        <extensions>
          <gpxtpx:TrackPointExtension>
            <gpxtpx:hr>173</gpxtpx:hr>
          </gpxtpx:TrackPointExtension>
        </extensions>
      </trkpt>
      <trkpt lat="30.6966061729049" lon="111.30260499476137">
        <ele>0.0</ele>
        <time>2026-05-22T14:12:34Z</time>
        <extensions>
          <gpxtpx:TrackPointExtension>
            <gpxtpx:hr>174</gpxtpx:hr>
          </gpxtpx:TrackPointExtension>
        </extensions>
      </trkpt>
      <trkpt lat="30.696532114398423" lon="111.30265785709265">
        <ele>0.0</ele>
        <time>2026-05-22T14:12:35Z</time>
        <extensions>
          <gpxtpx:TrackPointExtension>
            <gpxtpx:hr>174</gpxtpx:hr>
          </gpxtpx:TrackPointExtension>
        </extensions>
      </trkpt>
      <trkpt lat="30.696462066309984" lon="111.30270373806904">
        <ele>0.0</ele>
        <time>2026-05-22T14:12:36Z</time>
        <extensions>
          <gpxtpx:TrackPointExtension>
            <gpxtpx:hr>174</gpxtpx:hr>
          </gpxtpx:TrackPointExtension>
        </extensions>
      </trkpt>
      <trkpt lat="30.69638502149354" lon="111.30274961961646">
        <ele>0.0</ele>
        <time>2026-05-22T14:12:37Z</time>
        <extensions>
          <gpxtpx:TrackPointExtension>
            <gpxtpx:hr>174</gpxtpx:hr>
          </gpxtpx:TrackPointExtension>
        </extensions>
      </trkpt>
      <trkpt lat="30.696304978058215" lon="111.30279550138953">
        <ele>0.0</ele>
        <time>2026-05-22T14:12:38Z</time>
        <extensions>
          <gpxtpx:TrackPointExtension>
            <gpxtpx:hr>175</gpxtpx:hr>
          </gpxtpx:TrackPointExtension>
        </extensions>
      </trkpt>
      <trkpt lat="30.696226933641736" lon="111.30284138295649">
        <ele>0.0</ele>
        <time>2026-05-22T14:12:39Z</time>
        <extensions>
          <gpxtpx:TrackPointExtension>
            <gpxtpx:hr>175</gpxtpx:hr>
          </gpxtpx:TrackPointExtension>
        </extensions>
      </trkpt>
      <trkpt lat="30.696148875047847" lon="111.30289524271224">
        <ele>0.0</ele>
        <time>2026-05-22T14:12:40Z</time>
        <extensions>
          <gpxtpx:TrackPointExtension>
            <gpxtpx:hr>175</gpxtpx:hr>
          </gpxtpx:TrackPointExtension>
        </extensions>
      </trkpt>
      <trkpt lat="30.696075815813423" lon="111.30294810471347">
        <ele>0.0</ele>
        <time>2026-05-22T14:12:41Z</time>
        <extensions>
          <gpxtpx:TrackPointExtension>
            <gpxtpx:hr>175</gpxtpx:hr>
          </gpxtpx:TrackPointExtension>
        </extensions>
      </trkpt>
      <trkpt lat="30.69600374190651" lon="111.30300894479211">
        <ele>0.0</ele>
        <time>2026-05-22T14:12:42Z</time>
        <extensions>
          <gpxtpx:TrackPointExtension>
            <gpxtpx:hr>175</gpxtpx:hr>
          </gpxtpx:TrackPointExtension>
        </extensions>
      </trkpt>
      <trkpt lat="30.695933679388304" lon="111.3030628037148">
        <ele>0.0</ele>
        <time>2026-05-22T14:12:43Z</time>
        <extensions>
          <gpxtpx:TrackPointExtension>
            <gpxtpx:hr>176</gpxtpx:hr>
          </gpxtpx:TrackPointExtension>
        </extensions>
      </trkpt>
      <trkpt lat="30.69585860678663" lon="111.30312364394314">
        <ele>0.0</ele>
        <time>2026-05-22T14:12:44Z</time>
        <extensions>
          <gpxtpx:TrackPointExtension>
            <gpxtpx:hr>176</gpxtpx:hr>
          </gpxtpx:TrackPointExtension>
        </extensions>
      </trkpt>
      <trkpt lat="30.695790530822094" lon="111.30318448350904">
        <ele>0.0</ele>
        <time>2026-05-22T14:12:45Z</time>
        <extensions>
          <gpxtpx:TrackPointExtension>
            <gpxtpx:hr>175</gpxtpx:hr>
          </gpxtpx:TrackPointExtension>
        </extensions>
      </trkpt>
      <trkpt lat="30.695719456215592" lon="111.3032453232765">
        <ele>0.0</ele>
        <time>2026-05-22T14:12:46Z</time>
        <extensions>
          <gpxtpx:TrackPointExtension>
            <gpxtpx:hr>175</gpxtpx:hr>
          </gpxtpx:TrackPointExtension>
        </extensions>
      </trkpt>
      <trkpt lat="30.69564939349505" lon="111.30329918200084">
        <ele>0.0</ele>
        <time>2026-05-22T14:12:47Z</time>
        <extensions>
          <gpxtpx:TrackPointExtension>
            <gpxtpx:hr>176</gpxtpx:hr>
          </gpxtpx:TrackPointExtension>
        </extensions>
      </trkpt>
      <trkpt lat="30.695586300807456" lon="111.30336799913228">
        <ele>0.0</ele>
        <time>2026-05-22T14:12:48Z</time>
        <extensions>
          <gpxtpx:TrackPointExtension>
            <gpxtpx:hr>176</gpxtpx:hr>
          </gpxtpx:TrackPointExtension>
        </extensions>
      </trkpt>
      <trkpt lat="30.695521237399955" lon="111.3034208600532">
        <ele>0.0</ele>
        <time>2026-05-22T14:12:49Z</time>
        <extensions>
          <gpxtpx:TrackPointExtension>
            <gpxtpx:hr>175</gpxtpx:hr>
          </gpxtpx:TrackPointExtension>
        </extensions>
      </trkpt>
      <trkpt lat="30.695452159849587" lon="111.30348269669446">
        <ele>0.0</ele>
        <time>2026-05-22T14:12:50Z</time>
        <extensions>
          <gpxtpx:TrackPointExtension>
            <gpxtpx:hr>175</gpxtpx:hr>
          </gpxtpx:TrackPointExtension>
        </extensions>
      </trkpt>
      <trkpt lat="30.69538609681931" lon="111.30353555760878">
        <ele>0.0</ele>
        <time>2026-05-22T14:12:51Z</time>
        <extensions>
          <gpxtpx:TrackPointExtension>
            <gpxtpx:hr>174</gpxtpx:hr>
          </gpxtpx:TrackPointExtension>
        </extensions>
      </trkpt>
      <trkpt lat="30.695315034325766" lon="111.30358941617936">
        <ele>0.0</ele>
        <time>2026-05-22T14:12:52Z</time>
        <extensions>
          <gpxtpx:TrackPointExtension>
            <gpxtpx:hr>174</gpxtpx:hr>
          </gpxtpx:TrackPointExtension>
        </extensions>
      </trkpt>
      <trkpt lat="30.695240989208177" lon="111.30363429956927">
        <ele>0.0</ele>
        <time>2026-05-22T14:12:53Z</time>
        <extensions>
          <gpxtpx:TrackPointExtension>
            <gpxtpx:hr>173</gpxtpx:hr>
          </gpxtpx:TrackPointExtension>
        </extensions>
      </trkpt>
      <trkpt lat="30.69517192568723" lon="111.30368815788627">
        <ele>0.0</ele>
        <time>2026-05-22T14:12:54Z</time>
        <extensions>
          <gpxtpx:TrackPointExtension>
            <gpxtpx:hr>173</gpxtpx:hr>
          </gpxtpx:TrackPointExtension>
        </extensions>
      </trkpt>
      <trkpt lat="30.69510586070669" lon="111.3037420159002">
        <ele>0.0</ele>
        <time>2026-05-22T14:12:55Z</time>
        <extensions>
          <gpxtpx:TrackPointExtension>
            <gpxtpx:hr>173</gpxtpx:hr>
          </gpxtpx:TrackPointExtension>
        </extensions>
      </trkpt>
      <trkpt lat="30.695030801704927" lon="111.30379487738408">
        <ele>0.0</ele>
        <time>2026-05-22T14:12:56Z</time>
        <extensions>
          <gpxtpx:TrackPointExtension>
            <gpxtpx:hr>172</gpxtpx:hr>
          </gpxtpx:TrackPointExtension>
        </extensions>
      </trkpt>
      <trkpt lat="30.694950743234298" lon="111.30384873652096">
        <ele>0.0</ele>
        <time>2026-05-22T14:12:57Z</time>
        <extensions>
          <gpxtpx:TrackPointExtension>
            <gpxtpx:hr>172</gpxtpx:hr>
          </gpxtpx:TrackPointExtension>
        </extensions>
      </trkpt>
      <trkpt lat="30.694880681786874" lon="111.30390159748815">
        <ele>0.0</ele>
        <time>2026-05-22T14:12:58Z</time>
        <extensions>
          <gpxtpx:TrackPointExtension>
            <gpxtpx:hr>171</gpxtpx:hr>
          </gpxtpx:TrackPointExtension>
        </extensions>
      </trkpt>
      <trkpt lat="30.69481561615687" lon="111.30395545524301">
        <ele>0.0</ele>
        <time>2026-05-22T14:12:59Z</time>
        <extensions>
          <gpxtpx:TrackPointExtension>
            <gpxtpx:hr>171</gpxtpx:hr>
          </gpxtpx:TrackPointExtension>
        </extensions>
      </trkpt>
      <trkpt lat="30.694748565694816" lon="111.3040013350419">
        <ele>0.0</ele>
        <time>2026-05-22T14:13:00Z</time>
        <extensions>
          <gpxtpx:TrackPointExtension>
            <gpxtpx:hr>172</gpxtpx:hr>
          </gpxtpx:TrackPointExtension>
        </extensions>
      </trkpt>
      <trkpt lat="30.694679544689016" lon="111.30403125881935">
        <ele>0.0</ele>
        <time>2026-05-22T14:13:01Z</time>
        <extensions>
          <gpxtpx:TrackPointExtension>
            <gpxtpx:hr>172</gpxtpx:hr>
          </gpxtpx:TrackPointExtension>
        </extensions>
      </trkpt>
      <trkpt lat="30.694609522353467" lon="111.30406217992982">
        <ele>0.0</ele>
        <time>2026-05-22T14:13:02Z</time>
        <extensions>
          <gpxtpx:TrackPointExtension>
            <gpxtpx:hr>172</gpxtpx:hr>
          </gpxtpx:TrackPointExtension>
        </extensions>
      </trkpt>
      <trkpt lat="30.694538487976708" lon="111.30410008192791">
        <ele>0.0</ele>
        <time>2026-05-22T14:13:03Z</time>
        <extensions>
          <gpxtpx:TrackPointExtension>
            <gpxtpx:hr>173</gpxtpx:hr>
          </gpxtpx:TrackPointExtension>
        </extensions>
      </trkpt>
      <trkpt lat="30.694470437877943" lon="111.30414596171495">
        <ele>0.0</ele>
        <time>2026-05-22T14:13:04Z</time>
        <extensions>
          <gpxtpx:TrackPointExtension>
            <gpxtpx:hr>173</gpxtpx:hr>
          </gpxtpx:TrackPointExtension>
        </extensions>
      </trkpt>
      <trkpt lat="30.694397390100743" lon="111.30419184190298">
        <ele>0.0</ele>
        <time>2026-05-22T14:13:05Z</time>
        <extensions>
          <gpxtpx:TrackPointExtension>
            <gpxtpx:hr>172</gpxtpx:hr>
          </gpxtpx:TrackPointExtension>
        </extensions>
      </trkpt>
      <trkpt lat="30.694327340877468" lon="111.30423772180086">
        <ele>0.0</ele>
        <time>2026-05-22T14:13:06Z</time>
        <extensions>
          <gpxtpx:TrackPointExtension>
            <gpxtpx:hr>172</gpxtpx:hr>
          </gpxtpx:TrackPointExtension>
        </extensions>
      </trkpt>
      <trkpt lat="30.694254321633192" lon="111.3042676458198">
        <ele>0.0</ele>
        <time>2026-05-22T14:13:07Z</time>
        <extensions>
          <gpxtpx:TrackPointExtension>
            <gpxtpx:hr>173</gpxtpx:hr>
          </gpxtpx:TrackPointExtension>
        </extensions>
      </trkpt>
      <trkpt lat="30.69418227329524" lon="111.30431352583959">
        <ele>0.0</ele>
        <time>2026-05-22T14:13:08Z</time>
        <extensions>
          <gpxtpx:TrackPointExtension>
            <gpxtpx:hr>173</gpxtpx:hr>
          </gpxtpx:TrackPointExtension>
        </extensions>
      </trkpt>
      <trkpt lat="30.694121205436936" lon="111.30436738292155">
        <ele>0.0</ele>
        <time>2026-05-22T14:13:09Z</time>
        <extensions>
          <gpxtpx:TrackPointExtension>
            <gpxtpx:hr>173</gpxtpx:hr>
          </gpxtpx:TrackPointExtension>
        </extensions>
      </trkpt>
      <trkpt lat="30.694075076785154" lon="111.30445115629608">
        <ele>0.0</ele>
        <time>2026-05-22T14:13:10Z</time>
        <extensions>
          <gpxtpx:TrackPointExtension>
            <gpxtpx:hr>174</gpxtpx:hr>
          </gpxtpx:TrackPointExtension>
        </extensions>
      </trkpt>
      <trkpt lat="30.694050937681414" lon="111.3045349276675">
        <ele>0.0</ele>
        <time>2026-05-22T14:13:11Z</time>
        <extensions>
          <gpxtpx:TrackPointExtension>
            <gpxtpx:hr>173</gpxtpx:hr>
          </gpxtpx:TrackPointExtension>
        </extensions>
      </trkpt>
      <trkpt lat="30.694048773789525" lon="111.3046266750495">
        <ele>0.0</ele>
        <time>2026-05-22T14:13:12Z</time>
        <extensions>
          <gpxtpx:TrackPointExtension>
            <gpxtpx:hr>173</gpxtpx:hr>
          </gpxtpx:TrackPointExtension>
        </extensions>
      </trkpt>
      <trkpt lat="30.694056633771446" lon="111.30470246543939">
        <ele>0.0</ele>
        <time>2026-05-22T14:13:13Z</time>
        <extensions>
          <gpxtpx:TrackPointExtension>
            <gpxtpx:hr>172</gpxtpx:hr>
          </gpxtpx:TrackPointExtension>
        </extensions>
      </trkpt>
      <trkpt lat="30.694061548911485" lon="111.30474833851636">
        <ele>0.0</ele>
        <time>2026-05-22T14:13:14Z</time>
        <extensions>
          <gpxtpx:TrackPointExtension>
            <gpxtpx:hr>172</gpxtpx:hr>
          </gpxtpx:TrackPointExtension>
        </extensions>
      </trkpt>
      <trkpt lat="30.694077444488983" lon="111.30480218860582">
        <ele>0.0</ele>
        <time>2026-05-22T14:13:15Z</time>
        <extensions>
          <gpxtpx:TrackPointExtension>
            <gpxtpx:hr>171</gpxtpx:hr>
          </gpxtpx:TrackPointExtension>
        </extensions>
      </trkpt>
      <trkpt lat="30.69410434921233" lon="111.30484805971604">
        <ele>0.0</ele>
        <time>2026-05-22T14:13:16Z</time>
        <extensions>
          <gpxtpx:TrackPointExtension>
            <gpxtpx:hr>170</gpxtpx:hr>
          </gpxtpx:TrackPointExtension>
        </extensions>
      </trkpt>
      <trkpt lat="30.694121287346338" lon="111.30487797569391">
        <ele>0.0</ele>
        <time>2026-05-22T14:13:17Z</time>
        <extensions>
          <gpxtpx:TrackPointExtension>
            <gpxtpx:hr>170</gpxtpx:hr>
          </gpxtpx:TrackPointExtension>
        </extensions>
      </trkpt>
      <trkpt lat="30.694140208361457" lon="111.30491686671401">
        <ele>0.0</ele>
        <time>2026-05-22T14:13:18Z</time>
        <extensions>
          <gpxtpx:TrackPointExtension>
            <gpxtpx:hr>169</gpxtpx:hr>
          </gpxtpx:TrackPointExtension>
        </extensions>
      </trkpt>
      <trkpt lat="30.69414617859274" lon="111.30493182490596">
        <ele>0.0</ele>
        <time>2026-05-22T14:13:19Z</time>
        <extensions>
          <gpxtpx:TrackPointExtension>
            <gpxtpx:hr>169</gpxtpx:hr>
          </gpxtpx:TrackPointExtension>
        </extensions>
      </trkpt>
      <trkpt lat="30.69415116366405" lon="111.30493880520432">
        <ele>0.0</ele>
        <time>2026-05-22T14:13:20Z</time>
        <extensions>
          <gpxtpx:TrackPointExtension>
            <gpxtpx:hr>169</gpxtpx:hr>
          </gpxtpx:TrackPointExtension>
        </extensions>
      </trkpt>
      <trkpt lat="30.69416908511778" lon="111.30497769627726">
        <ele>0.0</ele>
        <time>2026-05-22T14:13:21Z</time>
        <extensions>
          <gpxtpx:TrackPointExtension>
            <gpxtpx:hr>169</gpxtpx:hr>
          </gpxtpx:TrackPointExtension>
        </extensions>
      </trkpt>
      <trkpt lat="30.694184024140487" lon="111.30500761237293">
        <ele>0.0</ele>
        <time>2026-05-22T14:13:22Z</time>
        <extensions>
          <gpxtpx:TrackPointExtension>
            <gpxtpx:hr>170</gpxtpx:hr>
          </gpxtpx:TrackPointExtension>
        </extensions>
      </trkpt>
      <trkpt lat="30.694194977618405" lon="111.30503054808092">
        <ele>0.0</ele>
        <time>2026-05-22T14:13:23Z</time>
        <extensions>
          <gpxtpx:TrackPointExtension>
            <gpxtpx:hr>170</gpxtpx:hr>
          </gpxtpx:TrackPointExtension>
        </extensions>
      </trkpt>
      <trkpt lat="30.694202945087284" lon="111.3050465033216">
        <ele>0.0</ele>
        <time>2026-05-22T14:13:24Z</time>
        <extensions>
          <gpxtpx:TrackPointExtension>
            <gpxtpx:hr>169</gpxtpx:hr>
          </gpxtpx:TrackPointExtension>
        </extensions>
      </trkpt>
      <trkpt lat="30.69421977341871" lon="111.3051372511482">
        <ele>0.0</ele>
        <time>2026-05-22T14:13:26Z</time>
        <extensions>
          <gpxtpx:TrackPointExtension>
            <gpxtpx:hr>170</gpxtpx:hr>
          </gpxtpx:TrackPointExtension>
        </extensions>
      </trkpt>
      <trkpt lat="30.69423366965602" lon="111.30519110111416">
        <ele>0.0</ele>
        <time>2026-05-22T14:13:27Z</time>
        <extensions>
          <gpxtpx:TrackPointExtension>
            <gpxtpx:hr>171</gpxtpx:hr>
          </gpxtpx:TrackPointExtension>
        </extensions>
      </trkpt>
      <trkpt lat="30.69426755823931" lon="111.30524395206804">
        <ele>0.0</ele>
        <time>2026-05-22T14:13:28Z</time>
        <extensions>
          <gpxtpx:TrackPointExtension>
            <gpxtpx:hr>173</gpxtpx:hr>
          </gpxtpx:TrackPointExtension>
        </extensions>
      </trkpt>
      <trkpt lat="30.694309426806687" lon="111.30530577747035">
        <ele>0.0</ele>
        <time>2026-05-22T14:13:29Z</time>
        <extensions>
          <gpxtpx:TrackPointExtension>
            <gpxtpx:hr>174</gpxtpx:hr>
          </gpxtpx:TrackPointExtension>
        </extensions>
      </trkpt>
      <trkpt lat="30.694342301362575" lon="111.30536660635634">
        <ele>0.0</ele>
        <time>2026-05-22T14:13:30Z</time>
        <extensions>
          <gpxtpx:TrackPointExtension>
            <gpxtpx:hr>174</gpxtpx:hr>
          </gpxtpx:TrackPointExtension>
        </extensions>
      </trkpt>
      <trkpt lat="30.694378160032752" lon="111.30543541285428">
        <ele>0.0</ele>
        <time>2026-05-22T14:13:31Z</time>
        <extensions>
          <gpxtpx:TrackPointExtension>
            <gpxtpx:hr>176</gpxtpx:hr>
          </gpxtpx:TrackPointExtension>
        </extensions>
      </trkpt>
      <trkpt lat="30.69442001581467" lon="111.30550421876838">
        <ele>0.0</ele>
        <time>2026-05-22T14:13:32Z</time>
        <extensions>
          <gpxtpx:TrackPointExtension>
            <gpxtpx:hr>176</gpxtpx:hr>
          </gpxtpx:TrackPointExtension>
        </extensions>
      </trkpt>
      <trkpt lat="30.694458860312757" lon="111.30558000554512">
        <ele>0.0</ele>
        <time>2026-05-22T14:13:33Z</time>
        <extensions>
          <gpxtpx:TrackPointExtension>
            <gpxtpx:hr>177</gpxtpx:hr>
          </gpxtpx:TrackPointExtension>
        </extensions>
      </trkpt>
      <trkpt lat="30.694498731351054" lon="111.30564083359683">
        <ele>0.0</ele>
        <time>2026-05-22T14:13:34Z</time>
        <extensions>
          <gpxtpx:TrackPointExtension>
            <gpxtpx:hr>177</gpxtpx:hr>
          </gpxtpx:TrackPointExtension>
        </extensions>
      </trkpt>
      <trkpt lat="30.694534604224586" lon="111.30570166194401">
        <ele>0.0</ele>
        <time>2026-05-22T14:13:35Z</time>
        <extensions>
          <gpxtpx:TrackPointExtension>
            <gpxtpx:hr>178</gpxtpx:hr>
          </gpxtpx:TrackPointExtension>
        </extensions>
      </trkpt>
      <trkpt lat="30.69456947571346" lon="111.30576348756331">
        <ele>0.0</ele>
        <time>2026-05-22T14:13:36Z</time>
        <extensions>
          <gpxtpx:TrackPointExtension>
            <gpxtpx:hr>178</gpxtpx:hr>
          </gpxtpx:TrackPointExtension>
        </extensions>
      </trkpt>
      <trkpt lat="30.694605362953197" lon="111.30581633792934">
        <ele>0.0</ele>
        <time>2026-05-22T14:13:37Z</time>
        <extensions>
          <gpxtpx:TrackPointExtension>
            <gpxtpx:hr>179</gpxtpx:hr>
          </gpxtpx:TrackPointExtension>
        </extensions>
      </trkpt>
      <trkpt lat="30.69463823710056" lon="111.3058771663918">
        <ele>0.0</ele>
        <time>2026-05-22T14:13:38Z</time>
        <extensions>
          <gpxtpx:TrackPointExtension>
            <gpxtpx:hr>179</gpxtpx:hr>
          </gpxtpx:TrackPointExtension>
        </extensions>
      </trkpt>
      <trkpt lat="30.694674107977207" lon="111.30593899177875">
        <ele>0.0</ele>
        <time>2026-05-22T14:13:39Z</time>
        <extensions>
          <gpxtpx:TrackPointExtension>
            <gpxtpx:hr>180</gpxtpx:hr>
          </gpxtpx:TrackPointExtension>
        </extensions>
      </trkpt>
      <trkpt lat="30.694713978730054" lon="111.30599981953624">
        <ele>0.0</ele>
        <time>2026-05-22T14:13:40Z</time>
        <extensions>
          <gpxtpx:TrackPointExtension>
            <gpxtpx:hr>180</gpxtpx:hr>
          </gpxtpx:TrackPointExtension>
        </extensions>
      </trkpt>
      <trkpt lat="30.694757862037772" lon="111.30605266904352">
        <ele>0.0</ele>
        <time>2026-05-22T14:13:41Z</time>
        <extensions>
          <gpxtpx:TrackPointExtension>
            <gpxtpx:hr>179</gpxtpx:hr>
          </gpxtpx:TrackPointExtension>
        </extensions>
      </trkpt>
      <trkpt lat="30.694811765957052" lon="111.3060915564104">
        <ele>0.0</ele>
        <time>2026-05-22T14:13:42Z</time>
        <extensions>
          <gpxtpx:TrackPointExtension>
            <gpxtpx:hr>179</gpxtpx:hr>
          </gpxtpx:TrackPointExtension>
        </extensions>
      </trkpt>
      <trkpt lat="30.69486873909471" lon="111.306091551482">
        <ele>0.0</ele>
        <time>2026-05-22T14:13:43Z</time>
        <extensions>
          <gpxtpx:TrackPointExtension>
            <gpxtpx:hr>179</gpxtpx:hr>
          </gpxtpx:TrackPointExtension>
        </extensions>
      </trkpt>
      <trkpt lat="30.694929739325016" lon="111.30607559050323">
        <ele>0.0</ele>
        <time>2026-05-22T14:13:44Z</time>
        <extensions>
          <gpxtpx:TrackPointExtension>
            <gpxtpx:hr>179</gpxtpx:hr>
          </gpxtpx:TrackPointExtension>
        </extensions>
      </trkpt>
      <trkpt lat="30.694986754111337" lon="111.30605264924374">
        <ele>0.0</ele>
        <time>2026-05-22T14:13:45Z</time>
        <extensions>
          <gpxtpx:TrackPointExtension>
            <gpxtpx:hr>181</gpxtpx:hr>
          </gpxtpx:TrackPointExtension>
        </extensions>
      </trkpt>
      <trkpt lat="30.69503875676033" lon="111.30603768626719">
        <ele>0.0</ele>
        <time>2026-05-22T14:13:46Z</time>
        <extensions>
          <gpxtpx:TrackPointExtension>
            <gpxtpx:hr>181</gpxtpx:hr>
          </gpxtpx:TrackPointExtension>
        </extensions>
      </trkpt>
      <trkpt lat="30.69508777530256" lon="111.30601474568803">
        <ele>0.0</ele>
        <time>2026-05-22T14:13:47Z</time>
        <extensions>
          <gpxtpx:TrackPointExtension>
            <gpxtpx:hr>181</gpxtpx:hr>
          </gpxtpx:TrackPointExtension>
        </extensions>
      </trkpt>
      <trkpt lat="30.695131781712295" lon="111.30599978339573">
        <ele>0.0</ele>
        <time>2026-05-22T14:13:48Z</time>
        <extensions>
          <gpxtpx:TrackPointExtension>
            <gpxtpx:hr>181</gpxtpx:hr>
          </gpxtpx:TrackPointExtension>
        </extensions>
      </trkpt>
      <trkpt lat="30.695165765680855" lon="111.30599978045605">
        <ele>0.0</ele>
        <time>2026-05-22T14:13:49Z</time>
        <extensions>
          <gpxtpx:TrackPointExtension>
            <gpxtpx:hr>181</gpxtpx:hr>
          </gpxtpx:TrackPointExtension>
        </extensions>
      </trkpt>
      <trkpt lat="30.695196751063158" lon="111.30599977777574">
        <ele>0.0</ele>
        <time>2026-05-22T14:13:50Z</time>
        <extensions>
          <gpxtpx:TrackPointExtension>
            <gpxtpx:hr>182</gpxtpx:hr>
          </gpxtpx:TrackPointExtension>
        </extensions>
      </trkpt>
      <trkpt lat="30.695219713062333" lon="111.30601473427507">
        <ele>0.0</ele>
        <time>2026-05-22T14:13:51Z</time>
        <extensions>
          <gpxtpx:TrackPointExtension>
            <gpxtpx:hr>182</gpxtpx:hr>
          </gpxtpx:TrackPointExtension>
        </extensions>
      </trkpt>
      <trkpt lat="30.69524471394552" lon="111.30600775148618">
        <ele>0.0</ele>
        <time>2026-05-22T14:13:52Z</time>
        <extensions>
          <gpxtpx:TrackPointExtension>
            <gpxtpx:hr>183</gpxtpx:hr>
          </gpxtpx:TrackPointExtension>
        </extensions>
      </trkpt>
      <trkpt lat="30.695269689482895" lon="111.30601472995197">
        <ele>0.0</ele>
        <time>2026-05-22T14:13:53Z</time>
        <extensions>
          <gpxtpx:TrackPointExtension>
            <gpxtpx:hr>183</gpxtpx:hr>
          </gpxtpx:TrackPointExtension>
        </extensions>
      </trkpt>
      <trkpt lat="30.695290665095154" lon="111.30602270599526">
        <ele>0.0</ele>
        <time>2026-05-22T14:13:54Z</time>
        <extensions>
          <gpxtpx:TrackPointExtension>
            <gpxtpx:hr>183</gpxtpx:hr>
          </gpxtpx:TrackPointExtension>
        </extensions>
      </trkpt>
      <trkpt lat="30.69531464110195" lon="111.30602968454609">
        <ele>0.0</ele>
        <time>2026-05-22T14:13:55Z</time>
        <extensions>
          <gpxtpx:TrackPointExtension>
            <gpxtpx:hr>183</gpxtpx:hr>
          </gpxtpx:TrackPointExtension>
        </extensions>
      </trkpt>
      <trkpt lat="30.695333617655276" lon="111.30603766076072">
        <ele>0.0</ele>
        <time>2026-05-22T14:13:56Z</time>
        <extensions>
          <gpxtpx:TrackPointExtension>
            <gpxtpx:hr>184</gpxtpx:hr>
          </gpxtpx:TrackPointExtension>
        </extensions>
      </trkpt>
      <trkpt lat="30.69534958294655" lon="111.30605261785769">
        <ele>0.0</ele>
        <time>2026-05-22T14:13:57Z</time>
        <extensions>
          <gpxtpx:TrackPointExtension>
            <gpxtpx:hr>184</gpxtpx:hr>
          </gpxtpx:TrackPointExtension>
        </extensions>
      </trkpt>
      <trkpt lat="30.69536054878213" lon="111.30606857261574">
        <ele>0.0</ele>
        <time>2026-05-22T14:13:58Z</time>
        <extensions>
          <gpxtpx:TrackPointExtension>
            <gpxtpx:hr>184</gpxtpx:hr>
          </gpxtpx:TrackPointExtension>
        </extensions>
      </trkpt>
      <trkpt lat="30.695376499576565" lon="111.3060915075583">
        <ele>0.0</ele>
        <time>2026-05-22T14:13:59Z</time>
        <extensions>
          <gpxtpx:TrackPointExtension>
            <gpxtpx:hr>184</gpxtpx:hr>
          </gpxtpx:TrackPointExtension>
        </extensions>
      </trkpt>
      <trkpt lat="30.69538745272272" lon="111.30611444292626">
        <ele>0.0</ele>
        <time>2026-05-22T14:14:00Z</time>
        <extensions>
          <gpxtpx:TrackPointExtension>
            <gpxtpx:hr>184</gpxtpx:hr>
          </gpxtpx:TrackPointExtension>
        </extensions>
      </trkpt>
      <trkpt lat="30.695404403031915" lon="111.30613737776847">
        <ele>0.0</ele>
        <time>2026-05-22T14:14:01Z</time>
        <extensions>
          <gpxtpx:TrackPointExtension>
            <gpxtpx:hr>184</gpxtpx:hr>
          </gpxtpx:TrackPointExtension>
        </extensions>
      </trkpt>
      <trkpt lat="30.695421353334307" lon="111.30616031260377">
        <ele>0.0</ele>
        <time>2026-05-22T14:14:02Z</time>
        <extensions>
          <gpxtpx:TrackPointExtension>
            <gpxtpx:hr>184</gpxtpx:hr>
          </gpxtpx:TrackPointExtension>
        </extensions>
      </trkpt>
      <trkpt lat="30.69544130221467" lon="111.30618324717271">
        <ele>0.0</ele>
        <time>2026-05-22T14:14:03Z</time>
        <extensions>
          <gpxtpx:TrackPointExtension>
            <gpxtpx:hr>185</gpxtpx:hr>
          </gpxtpx:TrackPointExtension>
        </extensions>
      </trkpt>
      <trkpt lat="30.69545826700556" lon="111.30619820415443">
        <ele>0.0</ele>
        <time>2026-05-22T14:14:04Z</time>
        <extensions>
          <gpxtpx:TrackPointExtension>
            <gpxtpx:hr>185</gpxtpx:hr>
          </gpxtpx:TrackPointExtension>
        </extensions>
      </trkpt>
      <trkpt lat="30.695473218233367" lon="111.3062211391443">
        <ele>0.0</ele>
        <time>2026-05-22T14:14:05Z</time>
        <extensions>
          <gpxtpx:TrackPointExtension>
            <gpxtpx:hr>185</gpxtpx:hr>
          </gpxtpx:TrackPointExtension>
        </extensions>
      </trkpt>
      <trkpt lat="30.695488183960336" lon="111.30623609629153">
        <ele>0.0</ele>
        <time>2026-05-22T14:14:06Z</time>
        <extensions>
          <gpxtpx:TrackPointExtension>
            <gpxtpx:hr>185</gpxtpx:hr>
          </gpxtpx:TrackPointExtension>
        </extensions>
      </trkpt>
      <trkpt lat="30.695502150156138" lon="111.30625105352229">
        <ele>0.0</ele>
        <time>2026-05-22T14:14:07Z</time>
        <extensions>
          <gpxtpx:TrackPointExtension>
            <gpxtpx:hr>185</gpxtpx:hr>
          </gpxtpx:TrackPointExtension>
        </extensions>
      </trkpt>
      <trkpt lat="30.69551510231196" lon="111.30627398866922">
        <ele>0.0</ele>
        <time>2026-05-22T14:14:08Z</time>
        <extensions>
          <gpxtpx:TrackPointExtension>
            <gpxtpx:hr>185</gpxtpx:hr>
          </gpxtpx:TrackPointExtension>
        </extensions>
      </trkpt>
      <trkpt lat="30.695527054932935" lon="111.30629692389574">
        <ele>0.0</ele>
        <time>2026-05-22T14:14:09Z</time>
        <extensions>
          <gpxtpx:TrackPointExtension>
            <gpxtpx:hr>186</gpxtpx:hr>
          </gpxtpx:TrackPointExtension>
        </extensions>
      </trkpt>
      <trkpt lat="30.695540019774715" lon="111.30631287842961">
        <ele>0.0</ele>
        <time>2026-05-22T14:14:10Z</time>
        <extensions>
          <gpxtpx:TrackPointExtension>
            <gpxtpx:hr>186</gpxtpx:hr>
          </gpxtpx:TrackPointExtension>
        </extensions>
      </trkpt>
      <trkpt lat="30.695549973328074" lon="111.30633581381746">
        <ele>0.0</ele>
        <time>2026-05-22T14:14:11Z</time>
        <extensions>
          <gpxtpx:TrackPointExtension>
            <gpxtpx:hr>185</gpxtpx:hr>
          </gpxtpx:TrackPointExtension>
        </extensions>
      </trkpt>
      <trkpt lat="30.695558929161386" lon="111.30635775205701">
        <ele>0.0</ele>
        <time>2026-05-22T14:14:12Z</time>
        <extensions>
          <gpxtpx:TrackPointExtension>
            <gpxtpx:hr>185</gpxtpx:hr>
          </gpxtpx:TrackPointExtension>
        </extensions>
      </trkpt>
      <trkpt lat="30.69556889540638" lon="111.30637370683768">
        <ele>0.0</ele>
        <time>2026-05-22T14:14:13Z</time>
        <extensions>
          <gpxtpx:TrackPointExtension>
            <gpxtpx:hr>185</gpxtpx:hr>
          </gpxtpx:TrackPointExtension>
        </extensions>
      </trkpt>
      <trkpt lat="30.69557583765138" lon="111.30640362305859">
        <ele>0.0</ele>
        <time>2026-05-22T14:14:14Z</time>
        <extensions>
          <gpxtpx:TrackPointExtension>
            <gpxtpx:hr>185</gpxtpx:hr>
          </gpxtpx:TrackPointExtension>
        </extensions>
      </trkpt>
      <trkpt lat="30.695587775710408" lon="111.30643453606251">
        <ele>0.0</ele>
        <time>2026-05-22T14:14:15Z</time>
        <extensions>
          <gpxtpx:TrackPointExtension>
            <gpxtpx:hr>184</gpxtpx:hr>
          </gpxtpx:TrackPointExtension>
        </extensions>
      </trkpt>
      <trkpt lat="30.695598728757137" lon="111.30645747132776">
        <ele>0.0</ele>
        <time>2026-05-22T14:14:16Z</time>
        <extensions>
          <gpxtpx:TrackPointExtension>
            <gpxtpx:hr>184</gpxtpx:hr>
          </gpxtpx:TrackPointExtension>
        </extensions>
      </trkpt>
      <trkpt lat="30.695618677550392" lon="111.3064804058079">
        <ele>0.0</ele>
        <time>2026-05-22T14:14:17Z</time>
        <extensions>
          <gpxtpx:TrackPointExtension>
            <gpxtpx:hr>184</gpxtpx:hr>
          </gpxtpx:TrackPointExtension>
        </extensions>
      </trkpt>
      <trkpt lat="30.695633615980768" lon="111.30651032129582">
        <ele>0.0</ele>
        <time>2026-05-22T14:14:18Z</time>
        <extensions>
          <gpxtpx:TrackPointExtension>
            <gpxtpx:hr>184</gpxtpx:hr>
          </gpxtpx:TrackPointExtension>
        </extensions>
      </trkpt>
      <trkpt lat="30.695646568062" lon="111.30653325636571">
        <ele>0.0</ele>
        <time>2026-05-22T14:14:19Z</time>
        <extensions>
          <gpxtpx:TrackPointExtension>
            <gpxtpx:hr>184</gpxtpx:hr>
          </gpxtpx:TrackPointExtension>
        </extensions>
      </trkpt>
      <trkpt lat="30.695660505127435" lon="111.3065641691451">
        <ele>0.0</ele>
        <time>2026-05-22T14:14:20Z</time>
        <extensions>
          <gpxtpx:TrackPointExtension>
            <gpxtpx:hr>185</gpxtpx:hr>
          </gpxtpx:TrackPointExtension>
        </extensions>
      </trkpt>
      <trkpt lat="30.695673442652996" lon="111.30659508199874">
        <ele>0.0</ele>
        <time>2026-05-22T14:14:21Z</time>
        <extensions>
          <gpxtpx:TrackPointExtension>
            <gpxtpx:hr>185</gpxtpx:hr>
          </gpxtpx:TrackPointExtension>
        </extensions>
      </trkpt>
      <trkpt lat="30.695686367440754" lon="111.30663297541138">
        <ele>0.0</ele>
        <time>2026-05-22T14:14:22Z</time>
        <extensions>
          <gpxtpx:TrackPointExtension>
            <gpxtpx:hr>184</gpxtpx:hr>
          </gpxtpx:TrackPointExtension>
        </extensions>
      </trkpt>
      <trkpt lat="30.695700291739005" lon="111.30667086871925">
        <ele>0.0</ele>
        <time>2026-05-22T14:14:23Z</time>
        <extensions>
          <gpxtpx:TrackPointExtension>
            <gpxtpx:hr>183</gpxtpx:hr>
          </gpxtpx:TrackPointExtension>
        </extensions>
      </trkpt>
      <trkpt lat="30.695723197219937" lon="111.30671673901776">
        <ele>0.0</ele>
        <time>2026-05-22T14:14:24Z</time>
        <extensions>
          <gpxtpx:TrackPointExtension>
            <gpxtpx:hr>183</gpxtpx:hr>
          </gpxtpx:TrackPointExtension>
        </extensions>
      </trkpt>
      <trkpt lat="30.69574210456298" lon="111.30676260963553">
        <ele>0.0</ele>
        <time>2026-05-22T14:14:25Z</time>
        <extensions>
          <gpxtpx:TrackPointExtension>
            <gpxtpx:hr>183</gpxtpx:hr>
          </gpxtpx:TrackPointExtension>
        </extensions>
      </trkpt>
      <trkpt lat="30.695777976552563" lon="111.30682343708804">
        <ele>0.0</ele>
        <time>2026-05-22T14:14:26Z</time>
        <extensions>
          <gpxtpx:TrackPointExtension>
            <gpxtpx:hr>182</gpxtpx:hr>
          </gpxtpx:TrackPointExtension>
        </extensions>
      </trkpt>
      <trkpt lat="30.695798882891893" lon="111.30686930747115">
        <ele>0.0</ele>
        <time>2026-05-22T14:14:27Z</time>
        <extensions>
          <gpxtpx:TrackPointExtension>
            <gpxtpx:hr>182</gpxtpx:hr>
          </gpxtpx:TrackPointExtension>
        </extensions>
      </trkpt>
      <trkpt lat="30.69583176896926" lon="111.3069231545565">
        <ele>0.0</ele>
        <time>2026-05-22T14:14:28Z</time>
        <extensions>
          <gpxtpx:TrackPointExtension>
            <gpxtpx:hr>182</gpxtpx:hr>
          </gpxtpx:TrackPointExtension>
        </extensions>
      </trkpt>
      <trkpt lat="30.69585067801927" lon="111.30696802783511">
        <ele>0.0</ele>
        <time>2026-05-22T14:14:29Z</time>
        <extensions>
          <gpxtpx:TrackPointExtension>
            <gpxtpx:hr>182</gpxtpx:hr>
          </gpxtpx:TrackPointExtension>
        </extensions>
      </trkpt>
      <trkpt lat="30.69587358333411" lon="111.30701389796234">
        <ele>0.0</ele>
        <time>2026-05-22T14:14:30Z</time>
        <extensions>
          <gpxtpx:TrackPointExtension>
            <gpxtpx:hr>181</gpxtpx:hr>
          </gpxtpx:TrackPointExtension>
        </extensions>
      </trkpt>
      <trkpt lat="30.695902471205383" lon="111.30706774529664">
        <ele>0.0</ele>
        <time>2026-05-22T14:14:31Z</time>
        <extensions>
          <gpxtpx:TrackPointExtension>
            <gpxtpx:hr>181</gpxtpx:hr>
          </gpxtpx:TrackPointExtension>
        </extensions>
      </trkpt>
      <trkpt lat="30.6959383703274" lon="111.30711361424267">
        <ele>0.0</ele>
        <time>2026-05-22T14:14:32Z</time>
        <extensions>
          <gpxtpx:TrackPointExtension>
            <gpxtpx:hr>181</gpxtpx:hr>
          </gpxtpx:TrackPointExtension>
        </extensions>
      </trkpt>
      <trkpt lat="30.695982238280145" lon="111.30717444073709">
        <ele>0.0</ele>
        <time>2026-05-22T14:14:33Z</time>
        <extensions>
          <gpxtpx:TrackPointExtension>
            <gpxtpx:hr>180</gpxtpx:hr>
          </gpxtpx:TrackPointExtension>
        </extensions>
      </trkpt>
      <trkpt lat="30.69603007509432" lon="111.30725122230922">
        <ele>0.0</ele>
        <time>2026-05-22T14:14:34Z</time>
        <extensions>
          <gpxtpx:TrackPointExtension>
            <gpxtpx:hr>180</gpxtpx:hr>
          </gpxtpx:TrackPointExtension>
        </extensions>
      </trkpt>
      <trkpt lat="30.69611388205208" lon="111.30733498120541">
        <ele>0.0</ele>
        <time>2026-05-22T14:14:35Z</time>
        <extensions>
          <gpxtpx:TrackPointExtension>
            <gpxtpx:hr>180</gpxtpx:hr>
          </gpxtpx:TrackPointExtension>
        </extensions>
      </trkpt>
      <trkpt lat="30.696186736144075" lon="111.30739580502647">
        <ele>0.0</ele>
        <time>2026-05-22T14:14:36Z</time>
        <extensions>
          <gpxtpx:TrackPointExtension>
            <gpxtpx:hr>179</gpxtpx:hr>
          </gpxtpx:TrackPointExtension>
        </extensions>
      </trkpt>
      <trkpt lat="30.69625359302338" lon="111.30745662932169">
        <ele>0.0</ele>
        <time>2026-05-22T14:14:37Z</time>
        <extensions>
          <gpxtpx:TrackPointExtension>
            <gpxtpx:hr>179</gpxtpx:hr>
          </gpxtpx:TrackPointExtension>
        </extensions>
      </trkpt>
      <trkpt lat="30.696316479171948" lon="111.30750249571417">
        <ele>0.0</ele>
        <time>2026-05-22T14:14:38Z</time>
        <extensions>
          <gpxtpx:TrackPointExtension>
            <gpxtpx:hr>180</gpxtpx:hr>
          </gpxtpx:TrackPointExtension>
        </extensions>
      </trkpt>
      <trkpt lat="30.696381349717306" lon="111.30755633961304">
        <ele>0.0</ele>
        <time>2026-05-22T14:14:39Z</time>
        <extensions>
          <gpxtpx:TrackPointExtension>
            <gpxtpx:hr>180</gpxtpx:hr>
          </gpxtpx:TrackPointExtension>
        </extensions>
      </trkpt>
      <trkpt lat="30.69643824047168" lon="111.30760120925707">
        <ele>0.0</ele>
        <time>2026-05-22T14:14:40Z</time>
        <extensions>
          <gpxtpx:TrackPointExtension>
            <gpxtpx:hr>180</gpxtpx:hr>
          </gpxtpx:TrackPointExtension>
        </extensions>
      </trkpt>
      <trkpt lat="30.696492130788286" lon="111.30764707634853">
        <ele>0.0</ele>
        <time>2026-05-22T14:14:41Z</time>
        <extensions>
          <gpxtpx:TrackPointExtension>
            <gpxtpx:hr>181</gpxtpx:hr>
          </gpxtpx:TrackPointExtension>
        </extensions>
      </trkpt>
      <trkpt lat="30.69654103625469" lon="111.3076859633672">
        <ele>0.0</ele>
        <time>2026-05-22T14:14:42Z</time>
        <extensions>
          <gpxtpx:TrackPointExtension>
            <gpxtpx:hr>181</gpxtpx:hr>
          </gpxtpx:TrackPointExtension>
        </extensions>
      </trkpt>
      <trkpt lat="30.696580933139817" lon="111.30773183162366">
        <ele>0.0</ele>
        <time>2026-05-22T14:14:43Z</time>
        <extensions>
          <gpxtpx:TrackPointExtension>
            <gpxtpx:hr>181</gpxtpx:hr>
          </gpxtpx:TrackPointExtension>
        </extensions>
      </trkpt>
      <trkpt lat="30.69662481528892" lon="111.30778467998188">
        <ele>0.0</ele>
        <time>2026-05-22T14:14:44Z</time>
        <extensions>
          <gpxtpx:TrackPointExtension>
            <gpxtpx:hr>180</gpxtpx:hr>
          </gpxtpx:TrackPointExtension>
        </extensions>
      </trkpt>
      <trkpt lat="30.69667070928392" lon="111.30783054766574">
        <ele>0.0</ele>
        <time>2026-05-22T14:14:45Z</time>
        <extensions>
          <gpxtpx:TrackPointExtension>
            <gpxtpx:hr>180</gpxtpx:hr>
          </gpxtpx:TrackPointExtension>
        </extensions>
      </trkpt>
      <trkpt lat="30.696751517062594" lon="111.30791430624083">
        <ele>0.0</ele>
        <time>2026-05-22T14:14:47Z</time>
        <extensions>
          <gpxtpx:TrackPointExtension>
            <gpxtpx:hr>178</gpxtpx:hr>
          </gpxtpx:TrackPointExtension>
        </extensions>
      </trkpt>
      <trkpt lat="30.69675842942554" lon="111.30796017722955">
        <ele>0.0</ele>
        <time>2026-05-22T14:14:48Z</time>
        <extensions>
          <gpxtpx:TrackPointExtension>
            <gpxtpx:hr>176</gpxtpx:hr>
          </gpxtpx:TrackPointExtension>
        </extensions>
      </trkpt>
      <trkpt lat="30.696741380620097" lon="111.30799109215255">
        <ele>0.0</ele>
        <time>2026-05-22T14:14:49Z</time>
        <extensions>
          <gpxtpx:TrackPointExtension>
            <gpxtpx:hr>175</gpxtpx:hr>
          </gpxtpx:TrackPointExtension>
        </extensions>
      </trkpt>
      <trkpt lat="30.696709311381607" lon="111.30803696647513">
        <ele>0.0</ele>
        <time>2026-05-22T14:14:50Z</time>
        <extensions>
          <gpxtpx:TrackPointExtension>
            <gpxtpx:hr>174</gpxtpx:hr>
          </gpxtpx:TrackPointExtension>
        </extensions>
      </trkpt>
      <trkpt lat="30.696674258215353" lon="111.3080748633776">
        <ele>0.0</ele>
        <time>2026-05-22T14:14:51Z</time>
        <extensions>
          <gpxtpx:TrackPointExtension>
            <gpxtpx:hr>174</gpxtpx:hr>
          </gpxtpx:TrackPointExtension>
        </extensions>
      </trkpt>
      <trkpt lat="30.69664020455955" lon="111.30811276017712">
        <ele>0.0</ele>
        <time>2026-05-22T14:14:52Z</time>
        <extensions>
          <gpxtpx:TrackPointExtension>
            <gpxtpx:hr>173</gpxtpx:hr>
          </gpxtpx:TrackPointExtension>
        </extensions>
      </trkpt>
      <trkpt lat="30.696598125297804" lon="111.30816661294921">
        <ele>0.0</ele>
        <time>2026-05-22T14:14:53Z</time>
        <extensions>
          <gpxtpx:TrackPointExtension>
            <gpxtpx:hr>173</gpxtpx:hr>
          </gpxtpx:TrackPointExtension>
        </extensions>
      </trkpt>
      <trkpt lat="30.69654905114748" lon="111.30821946908875">
        <ele>0.0</ele>
        <time>2026-05-22T14:14:54Z</time>
        <extensions>
          <gpxtpx:TrackPointExtension>
            <gpxtpx:hr>173</gpxtpx:hr>
          </gpxtpx:TrackPointExtension>
        </extensions>
      </trkpt>
      <trkpt lat="30.696493992658162" lon="111.3082653452824">
        <ele>0.0</ele>
        <time>2026-05-22T14:14:55Z</time>
        <extensions>
          <gpxtpx:TrackPointExtension>
            <gpxtpx:hr>172</gpxtpx:hr>
          </gpxtpx:TrackPointExtension>
        </extensions>
      </trkpt>
      <trkpt lat="30.696443917081876" lon="111.30831919865389">
        <ele>0.0</ele>
        <time>2026-05-22T14:14:56Z</time>
        <extensions>
          <gpxtpx:TrackPointExtension>
            <gpxtpx:hr>172</gpxtpx:hr>
          </gpxtpx:TrackPointExtension>
        </extensions>
      </trkpt>
      <trkpt lat="30.69639083002335" lon="111.30838003267763">
        <ele>0.0</ele>
        <time>2026-05-22T14:14:57Z</time>
        <extensions>
          <gpxtpx:TrackPointExtension>
            <gpxtpx:hr>172</gpxtpx:hr>
          </gpxtpx:TrackPointExtension>
        </extensions>
      </trkpt>
      <trkpt lat="30.696327762356468" lon="111.30843288990212">
        <ele>0.0</ele>
        <time>2026-05-22T14:14:58Z</time>
        <extensions>
          <gpxtpx:TrackPointExtension>
            <gpxtpx:hr>172</gpxtpx:hr>
          </gpxtpx:TrackPointExtension>
        </extensions>
      </trkpt>
      <trkpt lat="30.696266719459327" lon="111.30847178608815">
        <ele>0.0</ele>
        <time>2026-05-22T14:14:59Z</time>
        <extensions>
          <gpxtpx:TrackPointExtension>
            <gpxtpx:hr>172</gpxtpx:hr>
          </gpxtpx:TrackPointExtension>
        </extensions>
      </trkpt>
      <trkpt lat="30.69621467413123" lon="111.30850968427652">
        <ele>0.0</ele>
        <time>2026-05-22T14:15:00Z</time>
        <extensions>
          <gpxtpx:TrackPointExtension>
            <gpxtpx:hr>171</gpxtpx:hr>
          </gpxtpx:TrackPointExtension>
        </extensions>
      </trkpt>
      <trkpt lat="30.696174637836307" lon="111.30853960379663">
        <ele>0.0</ele>
        <time>2026-05-22T14:15:01Z</time>
        <extensions>
          <gpxtpx:TrackPointExtension>
            <gpxtpx:hr>171</gpxtpx:hr>
          </gpxtpx:TrackPointExtension>
        </extensions>
      </trkpt>
      <trkpt lat="30.696125646260818" lon="111.30854758565107">
        <ele>0.0</ele>
        <time>2026-05-22T14:15:02Z</time>
        <extensions>
          <gpxtpx:TrackPointExtension>
            <gpxtpx:hr>171</gpxtpx:hr>
          </gpxtpx:TrackPointExtension>
        </extensions>
      </trkpt>
      <trkpt lat="30.69608360905526" lon="111.3085785025332">
        <ele>0.0</ele>
        <time>2026-05-22T14:15:03Z</time>
        <extensions>
          <gpxtpx:TrackPointExtension>
            <gpxtpx:hr>171</gpxtpx:hr>
          </gpxtpx:TrackPointExtension>
        </extensions>
      </trkpt>
      <trkpt lat="30.696050582311937" lon="111.30860144101746">
        <ele>0.0</ele>
        <time>2026-05-22T14:15:04Z</time>
        <extensions>
          <gpxtpx:TrackPointExtension>
            <gpxtpx:hr>171</gpxtpx:hr>
          </gpxtpx:TrackPointExtension>
        </extensions>
      </trkpt>
      <trkpt lat="30.696028579817455" lon="111.30860842332889">
        <ele>0.0</ele>
        <time>2026-05-22T14:15:05Z</time>
        <extensions>
          <gpxtpx:TrackPointExtension>
            <gpxtpx:hr>172</gpxtpx:hr>
          </gpxtpx:TrackPointExtension>
        </extensions>
      </trkpt>
      <trkpt lat="30.696003576898057" lon="111.30861640310034">
        <ele>0.0</ele>
        <time>2026-05-22T14:15:06Z</time>
        <extensions>
          <gpxtpx:TrackPointExtension>
            <gpxtpx:hr>172</gpxtpx:hr>
          </gpxtpx:TrackPointExtension>
        </extensions>
      </trkpt>
      <trkpt lat="30.695982586813937" lon="111.30861640491774">
        <ele>0.0</ele>
        <time>2026-05-22T14:15:07Z</time>
        <extensions>
          <gpxtpx:TrackPointExtension>
            <gpxtpx:hr>172</gpxtpx:hr>
          </gpxtpx:TrackPointExtension>
        </extensions>
      </trkpt>
      <trkpt lat="30.69596659436866" lon="111.30861640630242">
        <ele>0.0</ele>
        <time>2026-05-22T14:15:08Z</time>
        <extensions>
          <gpxtpx:TrackPointExtension>
            <gpxtpx:hr>171</gpxtpx:hr>
          </gpxtpx:TrackPointExtension>
        </extensions>
      </trkpt>
      <trkpt lat="30.6959575986181" lon="111.3086164070813">
        <ele>0.0</ele>
        <time>2026-05-22T14:15:09Z</time>
        <extensions>
          <gpxtpx:TrackPointExtension>
            <gpxtpx:hr>172</gpxtpx:hr>
          </gpxtpx:TrackPointExtension>
        </extensions>
      </trkpt>
      <trkpt lat="30.69593860758894" lon="111.3086164087256">
        <ele>0.0</ele>
        <time>2026-05-22T14:15:10Z</time>
        <extensions>
          <gpxtpx:TrackPointExtension>
            <gpxtpx:hr>171</gpxtpx:hr>
          </gpxtpx:TrackPointExtension>
        </extensions>
      </trkpt>
      <trkpt lat="30.695915603722845" lon="111.30862438832331">
        <ele>0.0</ele>
        <time>2026-05-22T14:15:11Z</time>
        <extensions>
          <gpxtpx:TrackPointExtension>
            <gpxtpx:hr>171</gpxtpx:hr>
          </gpxtpx:TrackPointExtension>
        </extensions>
      </trkpt>
      <trkpt lat="30.695890602640635" lon="111.30863137089263">
        <ele>0.0</ele>
        <time>2026-05-22T14:15:12Z</time>
        <extensions>
          <gpxtpx:TrackPointExtension>
            <gpxtpx:hr>170</gpxtpx:hr>
          </gpxtpx:TrackPointExtension>
        </extensions>
      </trkpt>
      <trkpt lat="30.695863600660736" lon="111.30863935083521">
        <ele>0.0</ele>
        <time>2026-05-22T14:15:13Z</time>
        <extensions>
          <gpxtpx:TrackPointExtension>
            <gpxtpx:hr>169</gpxtpx:hr>
          </gpxtpx:TrackPointExtension>
        </extensions>
      </trkpt>
      <trkpt lat="30.695831588153126" lon="111.30865431161384">
        <ele>0.0</ele>
        <time>2026-05-22T14:15:14Z</time>
        <extensions>
          <gpxtpx:TrackPointExtension>
            <gpxtpx:hr>168</gpxtpx:hr>
          </gpxtpx:TrackPointExtension>
        </extensions>
      </trkpt>
      <trkpt lat="30.695799588530196" lon="111.30866229198713">
        <ele>0.0</ele>
        <time>2026-05-22T14:15:15Z</time>
        <extensions>
          <gpxtpx:TrackPointExtension>
            <gpxtpx:hr>167</gpxtpx:hr>
          </gpxtpx:TrackPointExtension>
        </extensions>
      </trkpt>
      <trkpt lat="30.69576459216297" lon="111.30866927541904">
        <ele>0.0</ele>
        <time>2026-05-22T14:15:16Z</time>
        <extensions>
          <gpxtpx:TrackPointExtension>
            <gpxtpx:hr>167</gpxtpx:hr>
          </gpxtpx:TrackPointExtension>
        </extensions>
      </trkpt>
      <trkpt lat="30.695728594425" lon="111.30867725613723">
        <ele>0.0</ele>
        <time>2026-05-22T14:15:17Z</time>
        <extensions>
          <gpxtpx:TrackPointExtension>
            <gpxtpx:hr>167</gpxtpx:hr>
          </gpxtpx:TrackPointExtension>
        </extensions>
      </trkpt>
      <trkpt lat="30.695690612359527" lon="111.30867725942588">
        <ele>0.0</ele>
        <time>2026-05-22T14:15:18Z</time>
        <extensions>
          <gpxtpx:TrackPointExtension>
            <gpxtpx:hr>167</gpxtpx:hr>
          </gpxtpx:TrackPointExtension>
        </extensions>
      </trkpt>
      <trkpt lat="30.69566161131533" lon="111.3086852395376">
        <ele>0.0</ele>
        <time>2026-05-22T14:15:19Z</time>
        <extensions>
          <gpxtpx:TrackPointExtension>
            <gpxtpx:hr>167</gpxtpx:hr>
          </gpxtpx:TrackPointExtension>
        </extensions>
      </trkpt>
      <trkpt lat="30.695629613526904" lon="111.30869222270815">
        <ele>0.0</ele>
        <time>2026-05-22T14:15:20Z</time>
        <extensions>
          <gpxtpx:TrackPointExtension>
            <gpxtpx:hr>168</gpxtpx:hr>
          </gpxtpx:TrackPointExtension>
        </extensions>
      </trkpt>
      <trkpt lat="30.6955896324022" lon="111.30869222616988">
        <ele>0.0</ele>
        <time>2026-05-22T14:15:21Z</time>
        <extensions>
          <gpxtpx:TrackPointExtension>
            <gpxtpx:hr>168</gpxtpx:hr>
          </gpxtpx:TrackPointExtension>
        </extensions>
      </trkpt>
      <trkpt lat="30.695551650332565" lon="111.30869222945852">
        <ele>0.0</ele>
        <time>2026-05-22T14:15:22Z</time>
        <extensions>
          <gpxtpx:TrackPointExtension>
            <gpxtpx:hr>168</gpxtpx:hr>
          </gpxtpx:TrackPointExtension>
        </extensions>
      </trkpt>
      <trkpt lat="30.695511696825267" lon="111.30867727491704">
        <ele>0.0</ele>
        <time>2026-05-22T14:15:23Z</time>
        <extensions>
          <gpxtpx:TrackPointExtension>
            <gpxtpx:hr>168</gpxtpx:hr>
          </gpxtpx:TrackPointExtension>
        </extensions>
      </trkpt>
      <trkpt lat="30.695472757570926" lon="111.30865434268252">
        <ele>0.0</ele>
        <time>2026-05-22T14:15:24Z</time>
        <extensions>
          <gpxtpx:TrackPointExtension>
            <gpxtpx:hr>169</gpxtpx:hr>
          </gpxtpx:TrackPointExtension>
        </extensions>
      </trkpt>
      <trkpt lat="30.695432804055113" lon="111.30863938813474">
        <ele>0.0</ele>
        <time>2026-05-22T14:15:25Z</time>
        <extensions>
          <gpxtpx:TrackPointExtension>
            <gpxtpx:hr>169</gpxtpx:hr>
          </gpxtpx:TrackPointExtension>
        </extensions>
      </trkpt>
      <trkpt lat="30.695384854309317" lon="111.3086244342768">
        <ele>0.0</ele>
        <time>2026-05-22T14:15:26Z</time>
        <extensions>
          <gpxtpx:TrackPointExtension>
            <gpxtpx:hr>168</gpxtpx:hr>
          </gpxtpx:TrackPointExtension>
        </extensions>
      </trkpt>
      <trkpt lat="30.69534488790202" lon="111.30861646013103">
        <ele>0.0</ele>
        <time>2026-05-22T14:15:27Z</time>
        <extensions>
          <gpxtpx:TrackPointExtension>
            <gpxtpx:hr>167</gpxtpx:hr>
          </gpxtpx:TrackPointExtension>
        </extensions>
      </trkpt>
      <trkpt lat="30.695300908654882" lon="111.30861646393879">
        <ele>0.0</ele>
        <time>2026-05-22T14:15:28Z</time>
        <extensions>
          <gpxtpx:TrackPointExtension>
            <gpxtpx:hr>166</gpxtpx:hr>
          </gpxtpx:TrackPointExtension>
        </extensions>
      </trkpt>
      <trkpt lat="30.695257943659065" lon="111.30860849005191">
        <ele>0.0</ele>
        <time>2026-05-22T14:15:29Z</time>
        <extensions>
          <gpxtpx:TrackPointExtension>
            <gpxtpx:hr>166</gpxtpx:hr>
          </gpxtpx:TrackPointExtension>
        </extensions>
      </trkpt>
      <trkpt lat="30.69522297304809" lon="111.30860151267312">
        <ele>0.0</ele>
        <time>2026-05-22T14:15:30Z</time>
        <extensions>
          <gpxtpx:TrackPointExtension>
            <gpxtpx:hr>165</gpxtpx:hr>
          </gpxtpx:TrackPointExtension>
        </extensions>
      </trkpt>
      <trkpt lat="30.6951889761979" lon="111.30860849602314">
        <ele>0.0</ele>
        <time>2026-05-22T14:15:31Z</time>
        <extensions>
          <gpxtpx:TrackPointExtension>
            <gpxtpx:hr>164</gpxtpx:hr>
          </gpxtpx:TrackPointExtension>
        </extensions>
      </trkpt>
      <trkpt lat="30.695142997888368" lon="111.30860850000394">
        <ele>0.0</ele>
        <time>2026-05-22T14:15:32Z</time>
        <extensions>
          <gpxtpx:TrackPointExtension>
            <gpxtpx:hr>164</gpxtpx:hr>
          </gpxtpx:TrackPointExtension>
        </extensions>
      </trkpt>
      <trkpt lat="30.69509002287749" lon="111.30860850459051">
        <ele>0.0</ele>
        <time>2026-05-22T14:15:33Z</time>
        <extensions>
          <gpxtpx:TrackPointExtension>
            <gpxtpx:hr>163</gpxtpx:hr>
          </gpxtpx:TrackPointExtension>
        </extensions>
      </trkpt>
      <trkpt lat="30.695036048335815" lon="111.3086085092636">
        <ele>0.0</ele>
        <time>2026-05-22T14:15:34Z</time>
        <extensions>
          <gpxtpx:TrackPointExtension>
            <gpxtpx:hr>163</gpxtpx:hr>
          </gpxtpx:TrackPointExtension>
        </extensions>
      </trkpt>
      <trkpt lat="30.69494307745086" lon="111.30861649491986">
        <ele>0.0</ele>
        <time>2026-05-22T14:15:36Z</time>
        <extensions>
          <gpxtpx:TrackPointExtension>
            <gpxtpx:hr>163</gpxtpx:hr>
          </gpxtpx:TrackPointExtension>
        </extensions>
      </trkpt>
      <trkpt lat="30.69491210678697" lon="111.30860851999438">
        <ele>0.0</ele>
        <time>2026-05-22T14:15:37Z</time>
        <extensions>
          <gpxtpx:TrackPointExtension>
            <gpxtpx:hr>162</gpxtpx:hr>
          </gpxtpx:TrackPointExtension>
        </extensions>
      </trkpt>
    </trkseg>
  </trk>
</gpx>